cliente_compra,order_id
cliente 00a9fd000ff87bb48b989df819c418f5 compra 1,7290f24ffc8f84166426d8727c15af13
cliente 00face5c8f7dbb7eefd4112722f26903 compra 1,fefbe15ebcd87ab3fb8577e635a8b31c
cliente 012452d40dafae4df401bced74cdb490 compra 1,e49d0607832db7c3b1343764225d8df6
cliente 012a218df8995d3ec3bb221828360c86 compra 1,207258d556f9b9784b54de837ae49286
cliente 01399b72331afe80cc0c3a982cafb177 compra 1,0ccb5b7bf95c5b642f3717b08c633361
cliente 014dcb5d582d60bca6a379e45a9041da compra 1,ced791864a1478d28bc041d61f8ce2f4
cliente 01c289bb06354cdc7e6549570f20ada4 compra 1,6e7e9fd0c7c9256e1119cbb95fd12bce
cliente 024676cef113f6c81db6c5b8d29e5ee9 compra 1,1d9a9731b9c10fc9cba74e6f74782e8b
cliente 02e9109b7e0a985108b43e573b6afb23 compra 1,a7076e7aba13de8b66d95a55811290ed
cliente 0334ba9c67b6f75abf243ebfcc46de6b compra 1,49aa82d12066e455617693a42d2b8bb2
cliente 03fd9f7966e4ffe00c2ca9705132171b compra 1,ac3b0c224349e4ca9a0b0f2e8fbc4c75
cliente 041b7e4ea440a4636a6c77ca8397128c compra 1,7f9e8cb77e9702ff5d15ca7dbca58cc4
cliente 041caba6a63ace5818387698ea85cdb2 compra 1,8df8c3199fb229a1472b0a47e3b106ae
cliente 04c55667b44fae5f50ed71d40c633d09 compra 1,d56564f21e612a588607e9ffb39b9d21
cliente 054151a8eed2b75f007d3be0957fd5ed compra 1,b3f8cce18de7b670b4bf149957000470
cliente 059e7585d8fcd2430a33375bdbcbb990 compra 1,ca207209c40b29d76714f77acf8189e5
cliente 06a52782a04f0086d16b9c22d0e29438 compra 1,84f5e6c0a0e3155e38c00f434ba90ce8
cliente 072a543c663f0b54b41af8b074162d62 compra 1,afc091f97bfa9985b6ab413ad1a9891b
cliente 0736c3512f09264b684b2b291a662689 compra 1,a9726615eb24e9b1fa84fe7f8c9a5b54
cliente 075c65074dbbe8cc9fc87132c5e452b0 compra 1,3349d5fc8a511315de279fcce11049f6
cliente 07b1b60bca2b6326fa2adb259ea4a55f compra 1,e91f4cb0413a13fbdb115fa44b588404
cliente 083ca1aa470c280236380973a48f77c6 compra 1,f79d2206d0301d47bc2a623636ea53d1
cliente 0891e5d4e534eb8585807582fc12cc3c compra 1,a8f2de0bd364d148696276ada61777f7
cliente 0895c61a77b305efdfad13596c749c60 compra 1,d44d3aabe5fd82754ca3b4696cdc90e7
cliente 08c07c761592a71b85136aa4fe76a6f4 compra 1,e5733d96d53e3a8a13f59a0fe4c38d74
cliente 08d8fd00898e7cc99d6e32c74d7d3ce5 compra 1,d3f44296d90a42d3ec4b52b18654e87a
cliente 08e5b38d7948d37fbb2a59fc5e175ab1 compra 1,fe9d34568d9ac7651ff018def29da70f
cliente 096e351116755fe4c3c1e48eaf301a41 compra 1,b9fa782d4918580e25b6e3b516a55710
cliente 09f55ef15bde8baeef87b3348b31c150 compra 1,c6c99f96854560866a50760e74aca378
cliente 0a609db8d244100909a15d65eadf8539 compra 1,66f60a049e91f3849e5f8f328ccca54f
cliente 0a61b571f594b6919601bcf3380da7f7 compra 1,a0a7acfccad3bda2ede93beeaeaac876
cliente 0aa1ab39ff2b837c05d7c9ff85b6d983 compra 1,33b85e6449a3f1684051b4a02f871871
cliente 0aadc1d26d1c8b88a52c39a533ccea93 compra 1,ca0400dec2c292340c373e63b1c2c597
cliente 0ac10a57d07e3d38b11f66283c44672b compra 1,ce59496beb223906ab55f6bce7fa86f5
cliente 0ad6cef8e9b6dcf295f882fb13081702 compra 1,aff48f2bfd2432bf92264b9308c424c3
cliente 0b18593e033697810a62a987e77f4b8c compra 1,bb009fab515024781676004c4924f54d
cliente 0b8d131c66052d1d54f8e30ad3554811 compra 1,6a0c96e8fd6d1c42bbfa1f5d49f3d3cb
cliente 0c390b03d9ff475efe45768f11558887 compra 1,039f61edec89c6f0edf8dd1a0bdea1fe
cliente 0cc2ee1112a11a1094eff52fa2e87150 compra 1,00d9ac423c9ad6781c0ed04e87666691
cliente 0cd33e5cc45d8be1415bf478ead300f5 compra 1,ff1f8f328e5a59ac754240b6dd31bcb4
cliente 0ce644689fdc73cce9bd5a911f4a53a0 compra 1,79c697a71c6bfb37a4c83d238e695404
cliente 0d3aa1250bc34f6b34f94684ba3832c9 compra 1,330534a2e7ad98d0c76ee20bfa001c50
cliente 0dd933d1e0253343083013791bf5d5e9 compra 1,60ca761c522b32f4c47465e3ab5c5b8c
cliente 0e4cb268bd62da7db135af6349b4fc2a compra 1,bee571b51c70e572478812165da701dc
cliente 0e88d25592a4f873d5439a70609ace33 compra 1,0b398dbb3e7c81005f3c69b01488c4c9
cliente 0eb37cca7a83f5b37301430da0800d34 compra 1,e46e94a05d2d44bd56759d2e056649ea
cliente 0eb3c30246bbb5835bf168c670894272 compra 1,d904c8fc4955920c3cdb9a2681648f3d
cliente 0efd4833752113fedce2e7250d49d5ac compra 1,df2d910b8b5e5f461f67043489f9569d
cliente 0f0470ca2b9c77d9fed0c4e9137af190 compra 1,70009c6d985dfa16754461cff33c10dc
cliente 0f706c0bd2502557acaa2f94d01a0d23 compra 1,170dcd772ea4f51c3a859f9beef5d297
cliente 0fb339b78619d8180afd8d396af5adf9 compra 1,f8a9c0be5071e2ca36f561ad567b1800
cliente 0fc594155e889688ea4477afcd26a134 compra 1,d2e18fcf7ecfd667af457a9e7034c86a
cliente 0fff4016f4008007ba2bb7d63ebae39d compra 1,eb6b32a82d2459d0ce7f2089f9eba0f2
cliente 101e0b7303b708b2499c34ae43e3793b compra 1,dad3424b01751c6e21da6a7351174ca0
cliente 1033eef37a760a832f9b2332ce23fdc5 compra 1,858d458b39082890e96fbb1fed8c2a52
cliente 10f04a31aae273f9931b511a423b186d compra 1,03e5d6a8dd520898f86f8429ccd07c21
cliente 11691308b335552511a92e7c60e8d228 compra 1,cf9d149b8f8e534901d64f8b10320133
cliente 118c825b7ac197bc393cb4c8c3310f65 compra 1,8375e62ff082f229096ecda5cbc957ea
cliente 119606479bd91b852d2237c3505e647f compra 1,47aa694d87f6ae4995bd02d6e8d9132d
cliente 11e6820156ff11c093e8b9a8a53de472 compra 1,b7f12e29e55ecae289d444db518400ed
cliente 12adf4046ee98a74538aedc848763f02 compra 1,7b9e72dad7b74f9bc089a7c543d90061
cliente 12d8b5ed661190a3a08183644dfc504d compra 1,b16a844a8a1b4998e1505f65a65d1e6a
cliente 12f5d6e1cbf93dafd9dcc19095df0b3d compra 1,747996a66f5aa711deb8ae58f5ae46a0
cliente 130e47a42ad5259d8843abe21bf87d5d compra 1,8a8bd4a338e17ace44431e99a2add1d2
cliente 134381ba9753ac7b47b50259b1834938 compra 1,6064862631581009b8eb676bc264d91f
cliente 1373e04979cfa0fb2092909abbd57f25 compra 1,612d5630822f4796875619b3a6a7b481
cliente 13e262867115ff6ec4f99423d9ab6a77 compra 1,e4825515f8ef501b2887a2ad0685621a
cliente 142f18a4a7cd370e40b64f34baf14a6a compra 1,dbb0da1abcce904dc52dd60ae31d5c12
cliente 1430d94bf355873fe5b597f212ba02fb compra 1,4a686b47e7eecbd136617bf8ae7c9af4
cliente 146265db442ac781517deaa33d1be2d0 compra 1,b485e99d1c3896c44eb56886216fcd01
cliente 161b2eb506dd664bb5d23dc701a14b59 compra 1,642d9648ee8c3cd7d0a2be2b8816cc91
cliente 16a118cdd850a423b5708fc79019eeb1 compra 1,0fb55482ffb326ed131c67051fe87192
cliente 182053495bc94c2f41090ce8c41be266 compra 1,53065082f5bfbc7a503dfb55ed57310a
cliente 182ebbe49711dd49de4fbbdf4a999c10 compra 1,dc96a12713fb7cbfd8feac4ab0b8f2a2
cliente 18a65d67bb184e736656cc017f09f7b8 compra 1,46077eef0ad2e1103cd2970326b3712b
cliente 18e3d276253780b44b5b7bf83f6785ec compra 1,878deac45277a6693260658cbce58cf2
cliente 18f17efd50fd7e9595cc1a40205c937c compra 1,bf19011f60f7f394faf33366baf9fa16
cliente 18f3c391b2784def4044145a5214205f compra 1,ea0f64679be1b080d448187df10e8a1b
cliente 191e0f453bea7f50ce1fcd514af38835 compra 1,ee2f74bd4af6f0a1995488fbd5c978ec
cliente 19307987738a32079d45862f7f461285 compra 1,0fa927b252421189a0e0d5725fb3832d
cliente 19f8fcd23ed70e29220a6a2f13ecd911 compra 1,b69321fb7d3000994c5a2b55c4f3cb01
cliente 1a2acc314942f27ddcbcd83d86197293 compra 1,808a117545d27f5c0ea7cad158f70600
cliente 1b6c7548a2a1f9037c1fd3ddfed95f33 compra 1,43f08913407cac4e74a898d968e58c1a
cliente 1b6e96ed99cb8d135efe220d761bbd67 compra 1,129832042bc2898155b5ebf3b2058585
cliente 1b8cd5471b18f9ff8376d7ebf26a3a59 compra 1,7af99279a8af75b4b281a28927b84b81
cliente 1ba713c8258f756279a049018ce01177 compra 1,20ff9b4b339b20ef47cfcda736a17a52
cliente 1bc3d5e384c365c86cf79078f32eb495 compra 1,3c58bffb70dcf45f12bdf66a3c215905
cliente 1be3bf712b172963574fe5201bae15cb compra 1,f7e9f0f0c92fa9d46dc73e8f6d28ab96
cliente 1c628081cb579ed6035b9aa8614e69f4 compra 1,a610609ae68611c8fdb97f1002636127
cliente 1d2435aa3b858d45c707c9fc25e18779 compra 1,91750e4d3d89e619cd557a6da400be06
cliente 1d37df739a7cdbd28609dc2954cc2c75 compra 1,1e6f350c900ca357945126e20117d293
cliente 1d39a7704cfb79b7cd820bc83e3de161 compra 1,8cf69b251bfcd650555347d7752a3625
cliente 1da09dd64e235e7c2f29a4faff33535c compra 1,93240f6a90ae9889c692787235e66a0c
cliente 1e007f34a068548c0f0a411e301fa115 compra 1,587065077b677088697c8e99e2c8e273
cliente 1e07ee3569fae88ca100375928a7cd35 compra 1,c603557da211df150d679fa72fdf25a3
cliente 1e205cb5b560915fb3923bb9bdc41d93 compra 1,aa4634ff761133d98df37cc039021823
cliente 1e5dec3847fa11b24069995161a7b95e compra 1,009ac365164f8e06f59d18a08045f6c4
cliente 1f9756abd497b76eeccb492bfe91df35 compra 1,e894c57e9986a9c5936b17fe19400a6a
cliente 1fbd81e4d0a0cf9125ca038b43533b7f compra 1,23a801ab5586a70d6f7a4cd5885d3060
cliente 1feb5dc3a11a657cdd12b1cbaed93f65 compra 1,c0ad22fb83f1019e8abbdf1d38ffe6aa
cliente 2004ba7732339d9be65f2236d8887ae4 compra 1,bf25ff262495b0b876bc4f594f736ecf
cliente 204fa49efb5913a76287284d6e096f69 compra 1,3b2869c5b6a037cf731d70ac76d0fea7
cliente 20d5f85bc761fdb72656f9a89ddc4cbf compra 1,b116018d4629bdd3363848a36c42861e
cliente 20e575f507faf846b79d7dd349b247eb compra 1,135b582ac1ec8138d4f9f0ef27a7ba36
cliente 2193e33803ae472856950a43406e2dd4 compra 1,d41f1036712e18ee525939d08b7a1c98
cliente 21f4a0f496d66f5ad60f6c47caa96515 compra 1,aa390c2a8b1889cbd84765ef2268fbcc
cliente 22b05429f5f6165b033dd8ee7cee1150 compra 1,fd86c80924b4be8fb7f58c4ecc680dae
cliente 233182a47c04289c82c046a458f46d56 compra 1,59629349b860bb43899ea07bf4ec9633
cliente 23339103d82a054f9729b0554ce22e8c compra 1,6307a9d630a301cd0bcacd488fbd1182
cliente 23522c7edbf6c549577add0accf53f2c compra 1,e7475420bf383cf47bda792c4efc13c8
cliente 24ecb7310e25c512535898a5ce1f9ef0 compra 1,3275a8f39d7083740fdceb655f9220a2
cliente 24f12460aad399ba18f4ed2c2fbab65d compra 1,ee9ca989fc93ba09a6eddc250ce01742
cliente 24fb2954f8c6cdb4b900ed8db6dc88e2 compra 1,cb4591b9a09b86b55be10a9ea234de8c
cliente 2524dcec233c3766f2c2b22f69fd65f4 compra 1,285c2e15bebd4ac83635ccc563dc71f4
cliente 2595282f2e08ccd2b80be10dad0fa46f compra 1,250eede6202cff2981de57cba5c1b08c
cliente 25a560b9a6006157838aab1bdbd68624 compra 1,59ac31de88c9c4b239aeee82c6a0596e
cliente 25a9d6db808f7c55cdd544ef254b1f2d compra 1,357f073c68543005a0065892f53ae4f4
cliente 25ba76039a1caff121dfcb0d66e54780 compra 1,21577126c19bf11a0b91592e5844ba78
cliente 25f3cf83109f636d52d288fa4e797111 compra 1,03c939fd7fd3b38f8485a0f95798f1f6
cliente 262305e901587b79c5236175b06efb78 compra 1,5f244a6504c6895a4ab7c4cafe9b9a43
cliente 26723c2369b2d756562aea0d206748ca compra 1,4d2e2634819452adb3313ccb5abd344f
cliente 26a6e3e036636ef1d5636f98b66094cc compra 1,70ecbe22c2346dd38085cba820c9c462
cliente 297ec5afd18366f5ba27520cc4954151 compra 1,eb4bfa31c0d54df31280baa9f95e4e78
cliente 2a7f837de6a1999e457b8e3c5619156f compra 1,0c6a2732270e3f0f66bd73dbde93b59e
cliente 2aa179b290dfd52cb75f4bf6aa8e792e compra 1,e42d675de97fa2ce82d7090d2e1627de
cliente 2ac4312997e09e6770fd4c3d52adf77a compra 1,a9d8070e7b21efa5414c183c918eb4d3
cliente 2b161eaf4956b131691842e87b3c39c7 compra 1,db68ee136b9cb2c16d74fa11a7395e5d
cliente 2b6ce149982204423f4efac29701255a compra 1,ad15d9b5c97ecfcbdffbd8148ef3e0a1
cliente 2b8de040fdd95ad2c9e6cacaf98c5644 compra 1,15764eae87fb040c4ce2bf75f6670a77
cliente 2b91bb4588971e47d6555d038dcbc192 compra 1,527f95bc978265984802f8ef4ed9dd51
cliente 2bca5fe01d46ab5cc2bc5aaade88d850 compra 1,d7c320185a2f9b32f5e2370ff3f8bd64
cliente 2c79f90c9f6a30bcf44d5b3e9e6eee4c compra 1,2a898874fbdeadc5df2ea8a0b01b85cb
cliente 2d1768ecedef896a26c0d5db869a4c45 compra 1,31b7099f02dfb1ef54bf9b3c44aaf417
cliente 2d200dbe180dbd034616da1fced3e949 compra 1,4ce809baf1b96894592348ee63179754
cliente 2ddc001b620bd90d0f4378cfde1db887 compra 1,ee044ff2777c49a97d4be749aa8e24bb
cliente 2df1d02e053e5faf28d6d408aebd07c2 compra 1,86c25bbc1d16736365d6e747e71695f0
cliente 2e0b9ebd84e24a4ea2fb386a3a1a7a15 compra 1,06bb67936cfa5ac3f449e4f6733de4b1
cliente 2e3e726bbef1b330208c1e746281ceaa compra 1,fe133ae09efe51778e36c40cd00ece6f
cliente 2e43e031f10de28e557c35ef668f9396 compra 1,566f53fc7d36fa366f7e221468121877
cliente 2e49a3bbeb76297ee0ff49df39c2456c compra 1,7f081049d243d9a51d4235dfc310a73f
cliente 2eba6acde8e5a52e86f94b2c6224a986 compra 1,8ca5bdac5ebe8f2d6fc9171d5ebc906a
cliente 2f2cb44412b6fab757a8776fa3a3fe6a compra 1,13d37da7780bd1fb1eca0512a3e75f00
cliente 2f679a526d3b619beccc26a3d1435de4 compra 1,88791555f9832d0bee1f87f2074392ef
cliente 2f7c13c9fa506d0b141990d5b55fd936 compra 1,6d84eef7bc3b079a4d45a49a3e355784
cliente 2f8b722d3e62bb8a9860c7a29ad2b60f compra 1,b0f913cb83681e8a8563b96b641b3e1b
cliente 2f9df71205a69aedb559c1d673b016f2 compra 1,3b056e92067a43aaa660bc71598dc68e
cliente 301d1ce5a76b7e1bc47e5115bf5eb6ba compra 1,4689b1816de42507a7d63a4617383c59
cliente 30252a1d57cd506ae0f8e4d17ea834c9 compra 1,6ac559b49cbb0d6d7c3eb071891785c7
cliente 3069f30fbf3f30057b1b4ff36c72208e compra 1,29182856a24c6eeb1d7b81ba1fe63190
cliente 30a81e307f19e822e7199139fe52b1b0 compra 1,f8bbf6bc03d0fb7a5a78e3dadea9f278
cliente 30b782a79466007756f170cb5bd6bbd8 compra 1,8b6746478f6b44e7b76097d1c2f4dbe6
cliente 30f2769b3662f1f1a6a6693b34fb1810 compra 1,efa916a75b5d88fd21c5e217c691e81b
cliente 310647380793836bfa5b7b6b3f518423 compra 1,612d140e314dab491efb33ec8219c2ee
cliente 3115e354768c8b1951fab14116652fc3 compra 1,bef797897a2dddfbb08f9dff9c5ef7b7
cliente 311b7759da40d8d24724a882f0641308 compra 1,a7d73128b7dc2644c342e7495ebe8e3f
cliente 31628ac4d85d1c46ebf7dad444adcbe3 compra 1,f12388e0e8c7694fc38c8de19261054c
cliente 318b69202a96429368680f215843340d compra 1,1b3d11cf9f92c0f7baf627ab059621f8
cliente 31d332d20895c5c0baefe55207a0fead compra 1,04492e6b1fcee5317506f927e0e89eb2
cliente 321509aeb2ff5dae0fec3654f50b7e56 compra 1,1887d0f6362cc8dd05b9c7764fe627b7
cliente 32539c368b3b9fa70283a7bce0f23909 compra 1,3ce23ec58b30f84a32003c7bf535d14f
cliente 32ea3bdedab835c3aa6cb68ce66565ef compra 1,ebf144597fc5b016fb405d0fea5c9e2d
cliente 32f234ff042bae4152ffcf99238b2c93 compra 1,d80faf302bbccea1f0b613d440de4d33
cliente 33176de67c05eeed870fd49f234387a0 compra 1,5c65f6e8b3825aeb9c088dc89edec2e5
cliente 331dd0cb0979575948609f15055a294c compra 1,ca7af64c0e6b1a6fc563832581a7c544
cliente 332d18ef239d76af987e26132e73d7ad compra 1,32f1eaf64e65f64c1f57ef1612431740
cliente 340d924858c395848c127b3e772b6bfd compra 1,e96c4302510359c340adad478ba16cb0
cliente 346534c8088852932d947f4b8fea3959 compra 1,136d740adc5aa0d3ad07f279eeb5b665
cliente 34b0cd95480e55c2a701293a2b9671b3 compra 1,b18f96d97651133bd9a491945fa1d3bd
cliente 353e7269785f8c34919fadc61810ba0a compra 1,cec3185bcfe3a9c60e73df2ae9bfa4ac
cliente 3573b9d42bc178dbd9498308a0f2ea97 compra 1,a8666b29dbc635b3a029b1ed84fa8df5
cliente 35ecdf6858edc6427223b64804cf028e compra 1,a383762bd79949e1b34878460042cd23
cliente 36d9cc02c910d8c59caa1674f53c3ffb compra 1,0c3e2dc4a3eeb282bd4df0b620dcff6d
cliente 371467d2fc99bed797f8a4e955cd773d compra 1,a7b5e82b294d8eac1109824b0194abb9
cliente 37cc3e75e39bb11d75a1982ac0d07c17 compra 1,084051935208c688c8cd5fae3d15810d
cliente 37d2d1ac62901f9a36cff32ca86c9337 compra 1,e0f9660f398f606fc4326973728ad4cd
cliente 3806104dbbc3d14c17b091b3b8e38d59 compra 1,364f451ee38a4268d7c15d317021eb35
cliente 382ad79426068e4ba6ed73491d4441cb compra 1,80e2ed9ee8878458ac2191eb469cb0fb
cliente 3856822a82996dad2607aaa95811551b compra 1,ac14a1a3d8c2b071a150eb2990b5ecd8
cliente 39104edef5e46d7b8c61848cc95e6d97 compra 1,ddb0d201c7d2c8ce0e966d98128d16e9
cliente 393d57d9dc3edd49488a29d94bdf60fc compra 1,66ecad7b5ce5c0df4e95f46d12076ed3
cliente 394ac4de8f3acb14253c177f0e15bc58 compra 1,3a4e65de6ffd941f6a4ee824d472aabb
cliente 397b44d5bb99eabf54ea9c2b41ebb905 compra 1,5355341d3b3fe35edbd80e7c7898551f
cliente 39b56719c0ea74b79ee77758001eb6ab compra 1,f4e88b3ce1eb899d388467aa702fdf93
cliente 39c7f8c4e4552af113351a650816296c compra 1,1a611328643ae11146ba09a4425d2e12
cliente 3a26cc5a9f4349a713ef0679141894b9 compra 1,499062ee7ee19172573b081758302721
cliente 3a2d236fc85fdf338f179ca0cd725433 compra 1,34e63d1843fa8269ed932133c6b58a3f
cliente 3a2d6a780f9229755e1da6f1e320fa08 compra 1,a3a97bc6e236d5351537c8f466c34dad
cliente 3a3ace693780a5b06fbe2f94d91c06d6 compra 1,7b3950b933fe73d96ce4359a1caf38ea
cliente 3a3cb373edfed9973ae634f8ef6084ed compra 1,2c453858db792dfba1340601d2814b28
cliente 3a62daf401b9dece811f8c31e0d01b43 compra 1,cd725c256dd60e25a721e1fe8cccdaa6
cliente 3adc7b3ea7954aebd5c4fabb0fe735fe compra 1,dfc5c1ae34c30f42aba88ae3a51f97c6
cliente 3ae8c60f0accef7157c38fccbaa4679a compra 1,4ed418ef4e45eb8f9b22aee4366e9541
cliente 3b448ea620c8771f1e3b7560d78d865b compra 1,472ce7491b9e1d5409e48c3717a8072e
cliente 3ba2c7feb465bb3df6bb6c6c9014f839 compra 1,251f0a3981c4a8cb853a9cc9d6ba49ad
cliente 3bab949ef05da8e9b3cfd541b6af0ffd compra 1,2c9e6deaeeff1f3e721f241df5eabba0
cliente 3be6f224efc657da0b17bf5d287c20eb compra 1,56142b6c34c40cccb3e3ee8308a4ae76
cliente 3c17f3270f1c874445ccccfee95fa17a compra 1,e43abf9982299e5688c4848401c0fe83
cliente 3c38d8ff25f661253b873a6ce2eccee4 compra 1,33e70b1305003580be0b34472acce620
cliente 3c801d053bcdee6a0d8bd452e2f54e23 compra 1,fd2b75f431649ee3de573b444d320f48
cliente 3c9ee9d8004a02d1956ee4dca5a572ce compra 1,3f515b21edaaa117bbab2833ce2cae32
cliente 3d93772915efa454a89bf52047b0b285 compra 1,33d1c541fe62cc7e7de82f1a6f7209f1
cliente 3db6e5afa8e8178a29afc729855315e2 compra 1,fa8ba64335831e92f3a3866f8fdc9e56
cliente 3de0c9303f39b7ccfe69ca11aee19cc6 compra 1,9a8cd6b0ac8e80fe4e72e9de1aee04cf
cliente 3e43e6105506432c953e165fb2acf44c compra 1,ff89ef7b3952bba5ac06d61c4a79ffbe
cliente 3e5306add1209e5ba184092dd1587282 compra 1,caada4ca97e8e01c14535a79224324d9
cliente 3e5c78eabd5c34eaffe16c10eb7b1816 compra 1,ae9e63d9e351f66eb5f9032397bcddfd
cliente 3ea4185126195c34ed9949d8e406d570 compra 1,9d71ed3bdd31105ae9fff4690e74b78d
cliente 3eec09d9d2254c3eda8cc7b436de223e compra 1,355bd8313052b9af88c46a7be6d73003
cliente 3f0d042d25a660ce2e5aaf9cb11b5146 compra 1,3951193545025398d0fa18b7e2f836be
cliente 3fb1672507c668998549f7c91cbe932b compra 1,ca7d7c95b0f170aae8a2ee59e2f24f66
cliente 409cb030498f575d1c941cecaf1d2a06 compra 1,701a4ca3334d676567d4e5016a02cac7
cliente 40acd47f4b76c72308a885e4357983a4 compra 1,368b20312c68710e9d75cbb5cef5c469
cliente 412f80b814dba8dd3aa39c6be5bb29c8 compra 1,b4fc77bdadd28d0ee631208831bc0d49
cliente 41a3b256cc497dc952a815b848345cbc compra 1,1c11d0f4353b31ac3417fbfa5f0f2a8a
cliente 4220ae19dee604e8c1dddccd4e535502 compra 1,6a541ecac40dc865265adbecf4841842
cliente 4291db0da71914754618cd789aebcd56 compra 1,f16cbac8a72057c2daba4b64662100ba
cliente 42befda568ea0df110b6cec63c233bea compra 1,a6d7b2808b32dae3b384222edb93efd0
cliente 42ea819a53be93df8475ffc757272bdd compra 1,707c7403d5d131e75e3d557bdd0646c4
cliente 43128f4462af59091a28f9141a3ee7ba compra 1,0bbb3f7791a87d0307555e57da3a1ff1
cliente 434825743a3426c100c479f571816a81 compra 1,40ea731f6fa10cf721b503b64f3b178e
cliente 4452b8ef472646c4cc042cb31a291f3b compra 1,e86b1b2dd48839d7351406434afb578d
cliente 44b6bbfea26596437062a38c8e6bcec1 compra 1,c2bb89b5c1dd978d507284be78a04cb2
cliente 4532ac5f2f4f8c943a41d1ba00bd6c6d compra 1,aa9113495d5498b01ea4a235c64f2849
cliente 4549ba22f341a2fcae487eec23de82f6 compra 1,09d048d5bfb9dd1a82f696ce9863e9b0
cliente 455c17b35969ca198c17f2fc9e8eba1b compra 1,ff4d755050a3a40c7cd03cbe7d11309c
cliente 459a68fbf277556ad8bc2343a06328be compra 1,367d9f6d184cf1d060d92bdc71810d2e
cliente 45a62f8ee5983a31af8d995fb68aa7dc compra 1,8c2ce0a5a34c3f1e1a56aee2283a45d4
cliente 45cfc55a4d5073c50be858369454fc0e compra 1,421b4ffa3b5162cfda443317c902f866
cliente 4646caaa1c9548dee59a39a5e7ab4d29 compra 1,ae938042ee33a2f3048cb2e4d25f9bb8
cliente 46958f708ade6b6a88b2e5aca1e66de5 compra 1,3fe4dbcdb046a475dbf25463c1ca78bd
cliente 4789cb19c163ddcaf8620a6dfe8b5f1b compra 1,20f837a22a0326636f941c343fa912ed
cliente 47c1a3033b8b77b3ab6e109eb4d5fdf3 compra 1,b86ec88f5bffbf1f61fb5daed332e355
cliente 47cd0dae960834d3cf371ae321bd7dcd compra 1,63f4e8e0d0a8785a8ba9e4e86e0cbb91
cliente 4881e59e3733f4660a0e6412d25d9d02 compra 1,ab1565bce2736095e4b347db4cfc071f
cliente 494b6bc66546cacf158249544077cd27 compra 1,21f76c9cee317278663cbec02a2fb2f4
cliente 494e887fef923d79982b3c0e1ab49cdd compra 1,c39b6a1fcbbad48578181950509b1330
cliente 495fe7ae31686381c8145b2936e761dc compra 1,dba5951df5e24339650c2552a565ad2c
cliente 498d439886cc7688715f678c90c7004e compra 1,cf7b757fbc81196ad9916c519c092321
cliente 4994e3301734485d0f0f448377068f3d compra 1,e9e55b29d529e773405084277bdf7659
cliente 49f3aad53cee9548fc3c20c1a3df98e4 compra 1,54e52a2c76449b9a634705a5ae9684a9
cliente 4b433c1ffb060cefbbeef17aabcf0231 compra 1,91fb22794b4915b6dddd8e74705905f6
cliente 4bbaf6f7a10a7e26a8777aa5cb6d5864 compra 1,10a0ce1277f3743242205061fccbb7c1
cliente 4bd837a4c4bf0ff7093e3c951d3ec6a1 compra 1,9380357951a13ec61acdce81018dcdaa
cliente 4be8154b42b4593fae17f1b2cb375615 compra 1,57f3dce57b231e9b80186f99ded08cf8
cliente 4bf5e216e3bcd7c0edd5463ec30bd552 compra 1,81935e523702224d87bc6b915f51649e
cliente 4c09b626998c22c926ac93fe6501ca31 compra 1,14d5f7d2a3755fbd4df406ef4c4b400c
cliente 4c112bdeac93a04155c340b65b35c232 compra 1,8ccbe46ffeae4720eba99d2d2de07542
cliente 4c1cacfc081ddc8593a27c9d3c88be49 compra 1,628287e102c84327f95402d4670434d2
cliente 4dadd95b67d24306c066d6cffd452a7b compra 1,9a2e51589ecc5ce80f0403a55a8f789c
cliente 4dfa53e424b44b9dcb3965683078712d compra 1,62e975f28aa68109d68f92298a9327ac
cliente 4e012ebff739bde041e02fcabd42d3d0 compra 1,1f039c377ad805f38658f64f2102c992
cliente 4e1cce07cd5937c69dacac3c8b13d965 compra 1,2e55db958a20257bc57183a4e74e6b47
cliente 4e23e1826902ec9f208e8cc61329b494 compra 1,876fd8c751a56ed982b5a72dca56937f
cliente 4e2d666f4bbc94a8ded712172a433d65 compra 1,abb73303c54ebbdc9aa8eedc2e709572
cliente 4e4898c5d6ac22ce29b5f5a97ee639aa compra 1,d3a5c7e2fbe9a935e6a4a7454d4b8869
cliente 4e65032f1f574189fb793bac5a867bbc compra 1,1c020c2a20a524371e81f9ef21eca0b6
cliente 4ea5df5937187bd3176aee08d4782104 compra 1,2927b6be262c5528b8135e5d330c00f9
cliente 4ef6c02126b21225e011b242f9f79c6f compra 1,3069c59ca4d7b71a93c01aa815b34ec3
cliente 4f4d2fe2987efa0b9e4e61a466e8ed8b compra 1,c5a304a759ea5ac20be4dbacd15696cb
cliente 4f853e8ca227c6f7fd20adcd785ba0a9 compra 1,c7da3693b9936c359eb9d60640dbb967
cliente 4facc2e6fbc2bffab2fea92d2b4aa7e4 compra 1,0ba4f7e89d304a02edca85087abfd14c
cliente 5036f4227f2e546879f581d8fd3e6ec6 compra 1,6f1a8d85b71101ab1e342aa9b8dfa5ff
cliente 508f416faa150cd3249d045d81c93399 compra 1,5dccc65b256263ec10925fa3a3d7ef48
cliente 50cd97d731f3f5e3f321673c2671a23d compra 1,bb3b63f8a09bf476fd524c44fb767a31
cliente 50e1b12ee1e2eab6157d9c0b035136af compra 1,ae120be8d03530006a9cdc011d8d09c4
cliente 514f2a78d07928478ac9212b21b7acbc compra 1,2ca9036cf880a76f0a41894ede902e55
cliente 51838d41add414a0b1b989b7d251d9ee compra 1,a742e3a941299687aed413c581a7dce9
cliente 51d91326ffc0688da14a001de38c264b compra 1,24f17834d1edff2ec50e2fb099896d80
cliente 5206a6a64eeb54d092be68b3427f3d92 compra 1,08fa8b49ff198d1332df4668087150ed
cliente 525eb1a84ca6c1c0df03dcafaf9c0afc compra 1,c5fd5386640ddd76adc482b72d24a02b
cliente 52835c43abec0d5b16a12996e65f91d4 compra 1,3457d1d203987e3898c4516a101b5d36
cliente 52d1ba60dd7489550beb785ec71c6f37 compra 1,3139254607a08295dbd11e787d816506
cliente 53c84ac43bbfafb7a6b5d9076ab423c7 compra 1,765d8e5f6a9d496c895d21bb271ff1e8
cliente 5419a7c9b86a43d8140e2939cd2c2f7e compra 1,a3725dfe487d359b5be08cac48b64ec5
cliente 545a77b57dfcce3d86cf15970dfaa29e compra 1,46b3e34b2fe9e7cb16d75fca93aaa180
cliente 549a24530925587e2faddb35f667e458 compra 1,2464a4f54814d3de636541955feeb947
cliente 55fbb64f60861980e74c4f136f304297 compra 1,8ce09fabe89667119f813bcaa531e675
cliente 56437a026e07b2b2271b8742aee81fb9 compra 1,d21d7411b251f35ead1b210dc946ca70
cliente 565448508b44312e8489ca1bc1f5d09e compra 1,02ec4da9d03014f06d711d60eb37cc22
cliente 569aa12b73b5f7edeaa6f2a01603e381 compra 1,ccf804e764ed5650cd8759557269dc13
cliente 56c8638e7c058b98aae6d74d2dd6ea23 compra 1,c8a93f34ce6f1d3299b0e762f62dfc3d
cliente 5709900c6ded8af6dfb28b043943368d compra 1,c1547b9ad031612f2446bf9ad43a0716
cliente 577c584d4e793648664d7b39a561d6fd compra 1,2ec8ddbfe88a339d911208a26f6a8ad5
cliente 57b5d9f9fa4f1ff41befbfbf0fcbc3ca compra 1,57eede1060c3e289d5be82560b4874b7
cliente 57eb153ae005dbfc297fdbf1f44bf046 compra 1,b87ca4e0ff52f4243bebeb16504f48e5
cliente 57f36f673a04f9fa8e90f54920061a9d compra 1,b71ba668b12da5320995cd74acecb2fb
cliente 5868fa4dfdcec3c446fdc8cea6fc9d5b compra 1,11f97a9967bb081adb9883460c71e845
cliente 587d22544f4d6f17b39a30723a53a305 compra 1,82ffe097d8ddbf319a523b9bbe7725d5
cliente 58b051c30d684ac12a2049a49c856203 compra 1,00c405bd71187154a7846862f585a9d4
cliente 58c35d38acff62e4db02c16b669c6a89 compra 1,92907309dff7adcd19bbbb29d5fda792
cliente 58e6013f75c8d79f4138ae9af0861079 compra 1,2e612a3508e4bce75344e6bfb68f28e0
cliente 593cb774409e5239a1946d1c88e0813d compra 1,6164f657084f27df744b7ba94beee2e1
cliente 5950105d5f3a678d89a7e0d2a54b5eaa compra 1,b414a769783b3ab82e49f4113c0edaae
cliente 59f816b5af16af2b833bb38decf57418 compra 1,54e9851195e7b44a91adc2564e4d082c
cliente 5a02a917ca3283cb2728734107dc4ee1 compra 1,434227ef75dde10f4049fe6b219d13c0
cliente 5a16f2e6b635a8b5a137354d7ddb2913 compra 1,50501e525eae308e75363c0606adb973
cliente 5a30802342302d5bcef2bade8d40d847 compra 1,c229c6a2f0ecb33d8e2779ebddec3a1f
cliente 5b09c620db60411b0be6f1817c6cbe71 compra 1,d34f01a9355c71adcc41fbc504e8609f
cliente 5b3186d7cf904f2f9369aec26faba4d2 compra 1,ad57f476bb2fef779bc42a032c512a23
cliente 5b6f720d6417604a1f8b46edc1837f56 compra 1,e3ea7db75c57be6a3779176cfa7802c3
cliente 5bdb6f56a8fb4272b802f504bb6d1287 compra 1,559d606ac642899e44550f194fec7e08
cliente 5bf3a81ed2bd9ef25495c6cf166cd7e5 compra 1,13cc20205a5d08b532f127b6fbf0f370
cliente 5bfa01161c636caa43bc56112149a41b compra 1,2f731cfbee2fecc19b83992498f23c25
cliente 5c0916024bf8ac6780aa07dce317aaf6 compra 1,c4d5588c1ee36814fc302422334e67f5
cliente 5c117c579cb98a9c6c50e1301a349f3a compra 1,6b37f541eb6753f5383147a84d419d11
cliente 5c2b5c09534917d37857557d37ed9205 compra 1,1ab4ba2aaa118a756ac6f15764adb2ec
cliente 5c3890b29b887edd93c11470aa1d0c7c compra 1,1b16849c735fb603f647c0e1dbf503c7
cliente 5c53fb2ee3cfd75e5810a52adee93ac2 compra 1,add940502d0460714892c63cc13c07eb
cliente 5d5adbd08f3898549b7a636ba275e717 compra 1,0cd93455c51655ebb590c07a06d584a1
cliente 5d63628c95182301765aa1482b0293aa compra 1,05f8021cf7217f1990addecad0e24b7a
cliente 5d7ff357d021646cf8adf2601713f624 compra 1,15209a5ea170d24d393e34f8bd52dbaf
cliente 5da6bdca6491eb75bf2aa46ab41f4ff5 compra 1,6029e6bd42b7734db7fa0f091ed018d3
cliente 5e33331e26d0a4e1f3fe84b3f9c5549b compra 1,dceb62e8fa94b46006c9554fed743df0
cliente 5e41dd374b16457815721cce195d252f compra 1,13bc2aa1a887b018329663498f5e00ab
cliente 5e8f38a9a1c023f3db718edcf926a2db compra 1,4ee98e5c36cdadbb40216412e0364478
cliente 5f45aa4ef9b8fb99b95d33a970bb64a7 compra 1,64930a85c555750a1f71af3d49b0c54b
cliente 5f71823073c8df3a02c4eb014f1da6a5 compra 1,661daf8e46d57f5f1b916c80f4129049
cliente 5f84dd765161a769e787eeb4f8d393e0 compra 1,96c9598c25e152e093aedcc8cf89ab0d
cliente 5f91d7a43ae222ad4f238b607ac956c3 compra 1,6eccf2d285566975653dcf25ec2f21ed
cliente 5f9acccf19a533ac36c79bc80309893a compra 1,8413ac0b09301d03b78adeca5840866f
cliente 612db24bd7ec741c98823a46c73aba21 compra 1,b8d5cd6eb84d7b61c5c77ac4cb0b90b4
cliente 615922c430abddd368735199c38e735d compra 1,f0c8fa435e06ab4c026e78d690a6948d
cliente 61b4260aa3892f7f714ba862cd42fd0e compra 1,ccec592b58e122dc2bfc2305152d9603
cliente 6204c4e582a95b6a350adf6988623bfb compra 1,f8b959d98886eb608247e99500dc7b27
cliente 6222ef69df52b4ed71be551725551cc0 compra 1,2f9d791088532b218b41f892cc16073b
cliente 62aed189592f119e0232b2491de646e1 compra 1,b9d1db9d3e9608b2d37f962aaef45e03
cliente 6345e3b3ba5ee47685e29ec5febc8155 compra 1,ddf732195968469df311feb9d52e542a
cliente 634f09f6075fe9032e6c19609ffe995a compra 1,83018ec114eee8641c97e08f7b4e926f
cliente 6358b15ef7fa9b1210f1a5735cabd3d9 compra 1,fb1bbde87c6437700f49e7c841f09485
cliente 6363d656b86d8f1014eaa2e864d377f0 compra 1,4d20a88009a1ccbe54db2c4c7e184228
cliente 638eb407d3971d3984b603455f16fb69 compra 1,6d6f16813fbb3448a034fc242a2603c6
cliente 63cfc61cee11cbe306bff5857d00bfe4 compra 1,c29713133e5e33937af1a6e1e1370552
cliente 63ded44f46d409896e3b7c47daa688ae compra 1,8b83e402930da5b2e9bc93a69dbdf5ac
cliente 6419a1be8feac26ec793667b71cbaeb4 compra 1,9d0cec155db79a9147a0d80e5c7927c0
cliente 6433c73c320f19cf4ff4399627abcf80 compra 1,c502117a7895e7931e1362f69676ec36
cliente 6469f99c1f9dfae7733b25662e7f1782 compra 1,ccb1046449f1a494de800567e7cb5979
cliente 64a0c655ad06c17b74fba89554a17d98 compra 1,31f67bef2180ffdf0dbf11db4b0a4380
cliente 64df076fb557552498049bb07ed1cd5f compra 1,b6165efbad3f8539e365b9ae5a2f3c44
cliente 6572b8069e6c5d1a2d5e8996c7e76c4c compra 1,23f55194f215ebf6254bc34d267f7d9e
cliente 657bfb35ce6639dadf558f9da1a15755 compra 1,0ab3d92f71090c758d1df7ff889a9335
cliente 6594a65023bcb47539aa91b0f8e98e00 compra 1,1b0577d71cd408c29c2fe1c9ec939056
cliente 6668e1ae499e2e9be475b7f708580232 compra 1,76cde6c8b0bcf5f39e166b9f645366b6
cliente 66980c3775537536f77b434d74e520f5 compra 1,41c284ffd871324eadf06fc989583619
cliente 66b609f84df5b48c06e4c2fee0c1bdb1 compra 1,574a92fb05e01159e32c2a4cba131e3e
cliente 66c01491fef000b3236d813b943aef44 compra 1,bb1d699eccd1fe0e0b22aea230eab2d0
cliente 66cf8110aa095f9456d89b7ca697d3a5 compra 1,462240cb1ec4e5db517e73fff57ebfc0
cliente 66d916b6e4e889e481c2b7a32da0f10a compra 1,076d71b244e240e104ffe5bf5985faa2
cliente 66e56177b9bf464a930e57edc3694403 compra 1,7311286f78c8201da664e23a95803967
cliente 66f4eec9da64df09009a7f397c2a32b1 compra 1,4bfccd93522d928f8732e455310da85b
cliente 672452f682b6cd65d8256f3e527bb93f compra 1,05aac5a18dcd77932007f57de8650622
cliente 67466b5877fad6f2279c1fb634c9aa5c compra 1,b5d8d7cbeb2f9b41a2dfb63388c7488a
cliente 675ea553e9970a90997c47df60fc6275 compra 1,84cedab09d15fbd3bb87956434d61573
cliente 677ad9cdca6c47c733f0cc6e23d7bb4c compra 1,6ccb433e00daae1283ccc956189c82ae
cliente 683cda1913456fb0cca302892b37a052 compra 1,304137040eac6e7582eb945e3f347120
cliente 686c46ddc0828bf3c0af072c44dd96b7 compra 1,caa9ea8230c1a21750f938c306e730c7
cliente 6871b052a835417d6d2e11153e0d3c2c compra 1,f0089d43f99d1bc295c05699b4facbed
cliente 68ca034260ae247f22e05c8fa34c386e compra 1,6b1a5aabdde7ed25268697cef2a9d28a
cliente 68f412bbb674141ab49ef13b501baf45 compra 1,02fc75303e2529f036cb819168fa21a0
cliente 69a8a056b0546417f2c1b91e3f210cdd compra 1,0bdfd876931ec6df01297b40e9672c12
cliente 69aedec762e21e5aaca6eba2e635dcfb compra 1,3a1ce4053005d669ac4e0047a13573cf
cliente 69f2934ad8b50cc05587a94cc7d68fc9 compra 1,caef38892cf9eefb7fa25d54e803ba20
cliente 6a6a7141119ceaeca4dfbae7a580a515 compra 1,40cb5e00d417c4057d5253c48b887267
cliente 6a80a86f478a93a5f4c7ba8db6441a6b compra 1,3c1098cb17277b62cfc709c7a9b500f5
cliente 6a8f804159a866574d2831e9651f589e compra 1,524b32821380cdcaa2b6d3110eebcd7e
cliente 6a9e15d6fa8ce1cabf193c21aa577f64 compra 1,7a3d6ddc737bc4e0f556c9c47f15e7a6
cliente 6acc5385a15c441abe050fc7abda50bf compra 1,30b66faf9517facb67ba9b710f0b9628
cliente 6acd91790bad41552dad6da859d887b7 compra 1,098fa8e236952567d948321ee4684854
cliente 6bb4a9c129ad73d99c4f5b9b38042a9c compra 1,a9db19260d4597e49840ec0146f0d3da
cliente 6bb535b0906b43e0041916897667aeed compra 1,b5b411510c27795418ac5808a30054e0
cliente 6bd5b501f37638859ccc1dc94cce730d compra 1,bbc7d177c97f61d86a7486d86ed7a8b2
cliente 6c46587f38bbf7e09d3df72975547b5a compra 1,559d83199eaa46854cd06da9ce8961fa
cliente 6d443b75cff956bb73dce7385033e266 compra 1,a1fa82769a203e30b8faf81cd32e5193
cliente 6d8a1ff2b74ef9d939013151ef4d95cf compra 1,bb2c15f3d9da7de7eef8b4c479efacd2
cliente 6dcf48fcc0c4d96dd7af8a0897ae9de8 compra 1,1c7a2b989035d96cd218d9b9f352c098
cliente 6dde57240c2e18d525327e76aa288b65 compra 1,48f2d0b950703bfb145b7c3c0641b4bb
cliente 6e11aa7fefec6405ba35e05a8c0f9b0e compra 1,4bafa54db6b060da198f23f810835969
cliente 6e1550b8966f327f29bc06b18972dbec compra 1,8b88af6ab4bcba779184de098d66c9e7
cliente 6e620488162fe1129d32f26b751d770a compra 1,a9b929204be626d61a1d60d47e6b52bc
cliente 6ec51f2f2b0b40a8b15c0770de8859d1 compra 1,a0f2abd22194d771e11728852ff988bd
cliente 6ed3f81cb9b42ed4575577a07d647651 compra 1,26e66858735be44e0f1875beba05fa56
cliente 6eefa309faab7725bf4b9dce147e4ae6 compra 1,f5b172630b8444484feaaa1fcd33937a
cliente 6f35424ab0a4f25807ac4e03b155832e compra 1,133a94aa41cab8ad1d4cf02c2636b9cc
cliente 6f64406ed5cfa4a2d9bd35e91bfd6587 compra 1,aad79b33466dbbe92bc7c1b9499ad365
cliente 6f8ecf0559ad3d0af81a036a45f9915d compra 1,d5902cac4c3d618b3565811476e06ea4
cliente 6fbc7cdadbb522125f4b27ae9dee4060 compra 1,fedcd9f7ccdc8cba3a18defedd1a5547
cliente 6fbd2859bc9705b669fd6169da9f32ca compra 1,884989e29f137d8ce42518666158b8ce
cliente 6fdb9d2f1ca6a9eeee5ceb197c3bbc0c compra 1,74bd06b5f9e79f8761e2b924e65cdfde
cliente 7019c99575147f8ea1bbf0a6e281bbf9 compra 1,0bcaf262925111aa4be36f35bcb92fdd
cliente 70601471b692cc0879300373118041ff compra 1,47d11383b93b217d96defbb2ef1a209b
cliente 70d9c3d1a4231f842de503475e51406a compra 1,7f8345ecf528aa9b47423c9cc5ab3986
cliente 70dec58f9de95bda4ee9f3449a683dde compra 1,3d521dbaec823d745bc7657d32442975
cliente 718d5855edf637b8e2f213db87dab93d compra 1,b80ba0f0c3d2a63feac0116f533cc6a9
cliente 71a26c172a544ccc789674f1fab9d951 compra 1,07d60a76803db63f0ca6708011e8cf9b
cliente 71a5182c33ade63d4f8b42f432b834c0 compra 1,00bd50cdd31bd22e9081e6e2d5b3577b
cliente 71a92fd3087501bcfba6e6e1ef7e8fd7 compra 1,88a82da4cb2eb4723c9965285fe826c9
cliente 71dfee60073c9dbc0a3b7d56f5bfe891 compra 1,1ed0026cd10a75c686a9caab448154d3
cliente 71e1f051740a6d2fcdc204e989035526 compra 1,bd67f781813f153083d633f8c81d0820
cliente 720bd81369ac97db986d4f09ba1e7e7f compra 1,cdf36cd4632fe33085adec5cf3d6b306
cliente 7263bdaf8bd8ca9e023f521f8ae50970 compra 1,df56e27fb87ba6d4beb70719ffdd707b
cliente 728a151b4593fb7ae0787158df28752a compra 1,1ac4ac576a3e3ef61ffbb64937ed1f62
cliente 728e4a7d0db4845270091ded0923c71f compra 1,6acecf438369055d9243e121045cca74
cliente 7293e0b38ab0dab128e6bfb7239c37ad compra 1,4fb76fa13b108a0d0478483421b0992c
cliente 7305430719d715992b00be82af4a6aa8 compra 1,c7f9c9ed8383be0c7514a7672ffdfdbe
cliente 730573c82e04027f7691e4fe1789e2f8 compra 1,dbc097913df341f30b9f9e92f459cee2
cliente 7314422176ee7f17fe020b8a9569b994 compra 1,41a1702de429a9f03364932da1ff1986
cliente 732d307839b02bc2d3a4c26b515ea2b9 compra 1,e2d87ac3739c08508d0f9a46cf33786f
cliente 735b149aec91b1024480fdc9e2c7a5ac compra 1,79b49127db2c9bc718a161183671505c
cliente 737d1b3cd48d4ac3574eab1120cd7191 compra 1,61fa17b757ab7e6e7900e8ea76786e0d
cliente 738ffcf1017b584e9d2684b36e07469c compra 1,80271f9179f6d8df256f964fc2cc1c6a
cliente 7412ba90ac5f1f56def82b35d5b9a9f1 compra 1,fd513fb508fefbe0ce7bfb8fd1bee4fc
cliente 7436c330d21f5055be3179f8bce0ff88 compra 1,1ea11b975aea60ca92fa0559184d3d34
cliente 7459b18f9724a5d3bd27fcd8b60acf50 compra 1,53b122ab361cdd253c61d8f63bdc2a75
cliente 74adf920dbd3d2e6e9f18acd88b2fd41 compra 1,cf101c3abd3c061ca9f78c1bbb1125af
cliente 74cb1ad7e6d5674325c1f99b5ea30d82 compra 1,364bfe8be0f9a89a9a817d0e8ecd859c
cliente 74d4c0cfaf825cd15b80dd167bdfa9b4 compra 1,8b353b3ac8bd5c8a07201989bdcb8f93
cliente 74fe4e106702770ef728399ce5da503a compra 1,5308fdab519f7478ef64894128fbbee4
cliente 7527b90f956cbb472f08763de043e694 compra 1,2bcb4add2a785006005bcea7b61559aa
cliente 75359d2f105d3ac60bf3ad1b8a8c53ee compra 1,20aa4f85b1ed8d98e5c742c1a003db9c
cliente 7588c20c457369de8caad958afc1cc06 compra 1,e563afc47cb5fafb2ed8869e9e822e38
cliente 7589544c08cc5de364cad85ee73f4b63 compra 1,40e4b27fe658a1c1e627e503b29ef734
cliente 75942caf92089f790efd9d029e40716c compra 1,b306e43825024d6a7727ed3bb863b650
cliente 75a2adfe9f86d401f24b5fe2eb9a582c compra 1,f2710c3e65b68cfc927a8aac6ecebe83
cliente 75c7cb4037146f5c8e95ade4214396c5 compra 1,a7e3fbb3111b4a3c0907fbfad7690ffd
cliente 760c47f803bf55ae0415c56179c515f0 compra 1,7ad0fb12f6d6b5d498db0bbfde6038bd
cliente 7634efb2f26e897125a36155a6f92889 compra 1,ca8446e47a754f1f72ae3acf393d0eb0
cliente 763ee7526cfb0c0cf9b56d2990a5608c compra 1,dacd9ea86285f197d0b7495e8af14781
cliente 76a0491dd70c125840fa259f00dfc351 compra 1,5aad92458ca3d4d408c99f424de3cd73
cliente 76cf771cab5ff219f8eadbde84f5617d compra 1,fb260abf14e47c95a0b19acb1ab3ed43
cliente 776469358dc5cbca9e8987fa110d804a compra 1,ee02295dfa5d0519664c1dcd4a70e87f
cliente 7779fdf670bfe673e064b9aa5447674e compra 1,7656f4ca2d491ba4f1ecb0d8779e5e7d
cliente 779f7ec7155dfd74a8425e40c4d34497 compra 1,fdff9c6a7acb0e02d1cea8d18811e251
cliente 7849336c1b7785f258ffef06aedbd216 compra 1,8e029d51bb988ddd1e92385dce8de59a
cliente 788a2f679187362222b67dfe89da6c1a compra 1,9a19e859f5bd7a0bb22d64d35fa8b979
cliente 78b5cbc4b9ad61445b6609593addca37 compra 1,9f181d637fd06f6468cec70121b8e160
cliente 78fb70b5aa609b4b55c6ef3d0cb51faf compra 1,a01a17ebb12ed7e8b1b4a02b79ad650f
cliente 7913821f73bc849c1c24a8aba1dff4c6 compra 1,77f0ae10c13cc7c78a5393b27d121044
cliente 795c1622cf7a53d63d324e862349d01c compra 1,76c943bbe1ddef57ebe9e810f1c108e6
cliente 79886922ec220bc38ed9d2bfdf9983f7 compra 1,958e6c2772ed5d52cfea3f7356502973
cliente 79b23d9300163e8db6ae01c4d2eb3394 compra 1,37d928cc42067f69b394747c5c71a260
cliente 79e851e4fdc2640958d35d9a8928212a compra 1,898ded7ecb1e4d92997856bd8b7a8aa1
cliente 79f2ca53ceab5f50327effb3f4c25a5b compra 1,29fafeedea8220ed8162dcafe8a89483
cliente 79f3d6597edbdbed1545a11e3d2fa280 compra 1,3d24c492f9555a79d4d6fd3a22fbee1f
cliente 7a17a2d324d7cceff4443a8c4453b763 compra 1,c6c0dc0b58d87603f5b07c6283355d5c
cliente 7a311d62282fa63be12b02aef2fd21d1 compra 1,ee0ab7251e08896f99e68e22fdb69764
cliente 7ac1053db56152bf433d6249602a69de compra 1,0fe1829613c45b423f51aa8949dd8d57
cliente 7b08fc11e1aacd85ef2845c12a9ddb81 compra 1,4c8eac76de32572cebc64aca0f263e2a
cliente 7b23dca3f650878cf0a0257b192a7a96 compra 1,f829a70601d740aed0868f3aee51da03
cliente 7b3a0402e9927e1d2b58a915c2f269bc compra 1,213a17bb373d57763822d78e40e7ca38
cliente 7b9c0afaa8e86c5acea60409af9c5ab8 compra 1,2d893645a0ed6af2455f026ee2bd15d1
cliente 7c22edd8f6e95d1c4df595dfb60644a4 compra 1,b60e330e00299aeeafa976b885447190
cliente 7c396fd4830fd04220f754e42b4e5bff compra 1,e481f51cbdc54678b7cc49136f2d6af7
cliente 7c790dfe86d4a5ac3738f55965ada7e9 compra 1,846c2255d0eedb2043aa0b3dc470f32b
cliente 7c96505ea74fa1be1890dd349acf0eb9 compra 1,bb26b9f1f2801c2bd60622b82bbb533b
cliente 7cd455c1d71d264771df28ab75c49bde compra 1,816ccd9d21435796e8ffa9802b2a782f
cliente 7d0b9f174ed5e7334a04cc042152a6fe compra 1,7856ac3dde097902ad5fc94c787045c5
cliente 7d3d94b4740895a17760e976797f9f0e compra 1,c0cb48c270009fc128318b2f9eda3bec
cliente 7db2e770f207b919316e20d6a183ddd0 compra 1,102dff93d9ff9180027b57feff2f34cc
cliente 7df1b28f76c17fdb19e22e5fa4b4c483 compra 1,7caa2aaed7e9a56d1bc1004eb7d296e5
cliente 7e094f060802ff5e25bef767446968d3 compra 1,b74b01e1553f1129b7aa5c0b73016c62
cliente 7e1681f9bb31800364869a2cdbe289db compra 1,084ac8d010dca0cb81b1bd4f375a047e
cliente 7e1ca53dbea2514cb38bb0de60e8f16b compra 1,ff978de32e717acd3b5abe1fb069d2b6
cliente 7f4c430e1f1c950aeeb38d200b5c076a compra 1,385949d678cba16e50726d65f1743d7c
cliente 7f50c43baa66aae590aa1a067427cce5 compra 1,baafcf8bbc822606c52fe68cbe6b7149
cliente 7f6fd66526ed914998d483cff9b7bdd7 compra 1,985dbac2172bbf6b32bcca35da50d7a0
cliente 803c530613f5c4ee03502be0d6894de0 compra 1,1c1898497fc8543e0f31343dc1c31553
cliente 815e70d059a75648547d5a63fa9045d6 compra 1,196d07f4360358baef663fa6bbba95b0
cliente 820e78bf5449cb1bafbc56095ceb77a7 compra 1,34a114524c5f794047b202c0c85f3a17
cliente 821e75291b1ad362e614c0ea79fc95a6 compra 1,d8c2d5ded5aae20ac6a6e9ef34d9c3dd
cliente 825f7c168294302e603257cd31e7c593 compra 1,b293f468141dc24b16033560c8d008a6
cliente 834d3682f9b03dbd791a7c8e816ab348 compra 1,25b5b0ea53b7d5a2d5712a0d9d0b3649
cliente 8359bfaca63e1995f611738775bfe136 compra 1,810a20b5d63b93c766be34093cf05187
cliente 83e7958a94bd7f74a9414d8782f87628 compra 1,205d7052a6505124d200f6fea6b423bc
cliente 83fc82dcff6ed4daa4f3c08f0bc5e6b2 compra 1,0aea5ed8df108f7cb387c099ddec65c2
cliente 8470a01721d0c023de20efdfea0c9b78 compra 1,eff7518af43b9c489aefc02f5957f330
cliente 84af029e54a6f659f7ace6f7cf0daa68 compra 1,81192041563939605a3e86ae0d6d8579
cliente 84dc3f6d36a6eab4549b01bf8d2fd714 compra 1,167d27116a1c2e0290a505e98f352c3c
cliente 85963fd37bfd387aa6d915d8a1065486 compra 1,465c2e1bee4561cb39e0db8c5993aafc
cliente 862e1936729b52974099383cd4f07fab compra 1,4d9190887b47ff1b89c657c788c038f6
cliente 8689b3e15d4b16cfd05ecf597a523453 compra 1,3461b5e9de904818a15cac893bccf912
cliente 86a01fa0e06f44ce0edf54c195443036 compra 1,d0953216646b79a1457c04739e8414e5
cliente 86df00dc5fd68f4dd5d5945ca19f3ed6 compra 1,ec902ac3921edfeace159efd4f973840
cliente 871a411b7d916351ed6a1a194e366507 compra 1,0b27e5029dd7bd0891b5da96fa33a93b
cliente 878d1683076172a5b7ffc7126ba99acd compra 1,cfa24f77a1afcf0827e88b162f7cf0b2
cliente 87b5114bcbdfd51bcf0b350282b16b2b compra 1,51eb3e42940efb2afe2e7546e8bf2f5d
cliente 88c11a241bcbd239da19623bb23891a9 compra 1,66dbc9ec3eb2119ce225357587599804
cliente 8912a04715640bd8424d068aa9649b56 compra 1,69f5eed47613a9d3cd0ae94d398cdd4e
cliente 894382535eef1ce243ec19088626be0e compra 1,56ee0507f806ad1a079e2905d5beff09
cliente 8961b4ca2c5aceb7a78ea72c6e0c840a compra 1,764bcaebe1a019d6c12165f67656db9b
cliente 8af5e0887b3d0867b82682bf7d02fa29 compra 1,53177d318c723e378c2a2aa1e9b2ea8e
cliente 8af7ac63b2efbcbd88e5b11505e8098a compra 1,fa65dad1b0e818e3ccc5cb0e39231352
cliente 8ba03ea7a871bdaebd65e7a4ced27c2d compra 1,c559ef7939489ab0ce5419d36a23938d
cliente 8bd6a7f99463f04ac042cc25d3450405 compra 1,4f0b86c3487e56b6e9594e9dfdb5d70c
cliente 8be158f05b793cd72d5fde01365b5d2c compra 1,bbe5ef975154a7473c4c595fa3385edc
cliente 8c195e3ac2081827508533dc3294e76e compra 1,2e6a1087eb563f7648142859dceb5d90
cliente 8c21dd8c37144807c601f99f2a209dfb compra 1,a5d7086b3574973a5df31d93bf524039
cliente 8cd6f80d3c3994e2060d46ec07ff0b0a compra 1,97a3784af9d034ddf29b8a15f7a2faa9
cliente 8d3a01dad8496e7c850d5b3d580c8e90 compra 1,620b5f7f730ead80c8dba1202716a29f
cliente 8d50f5eadf50201ccdcedfb9e2ac8455 compra 1,d3582fd5ccccd9cb229a63dfb417c86f
cliente 8dafb82f687e3b0dc9e97b4198b92128 compra 1,0cd41d4323d14560d7b92ef270ec6a2a
cliente 8dbbec2146fc038f00dd3819239dcaf6 compra 1,d1de4ee2cdca15e0ccf424096264d3c8
cliente 8dc371bcc1440310fcf4c776a5cb65ef compra 1,692e004e31546b86abbd93c0661bfb67
cliente 8dcd1a36a22ecb7c6fe29c867ef63372 compra 1,cafe257a6af47e3a0f99d202c0bbdbf4
cliente 8dd1d31b061fab003621e4385f95a85c compra 1,0dd9baba59537d4782153775157d0a36
cliente 8e41ce0cce0cde2b938d656c2eef051e compra 1,c5d16e3d5c24cc5fa2200d448d8cb4d7
cliente 8e5a0c49e92eca9c96de510ca22ac5c5 compra 1,58b3c61516dc5ed6140b6a09acbeb05f
cliente 8f2fa110f45a5b5592f1593842b7e87d compra 1,cc0efa9953cfcabde1888ffca500b253
cliente 8f57542916bc546e32ae566f90301036 compra 1,f8033eab5248939afe7fa7feb4ac4866
cliente 8f601c7d9263ca954656792b02517b3b compra 1,2297a47ed15e99116ac68cdb390cd700
cliente 8f6ce2295bdbec03cd50e34b4bd7ba0a compra 1,720609547e1e3b8ac4b3dc47ba846525
cliente 8f980c62fd126f959fbe8ca88fbacd1b compra 1,52ade67b3fbf4821fbb52e5c8e3a463e
cliente 90088beec1a52588bd1a2991b633b3c6 compra 1,ab85b219b698a7d569995ee1ea9b76fe
cliente 9077449283dc1319d5e51fb3159b28e2 compra 1,2d1f08f7693e119a191d97d953258189
cliente 90807fdb59eec2152bc977feeb6e47e7 compra 1,6d58638e32674bebee793a47ac4cbadc
cliente 90c205b0bed658a20ba141d2960d6811 compra 1,401ecf90579c9023a8f503e3a58cfa77
cliente 90f323e9f0948ddd96c6f6a8ecc75830 compra 1,fa5d6b6dd3a9ed01e21e57c5918e15cf
cliente 91d0504cf52d3f76b154c42d78979f39 compra 1,bd086ca155971e41011456e63e94f36e
cliente 91fcf0b76faf0a675625fd6fd6f72361 compra 1,ef8e8348ba291917542268f900fac505
cliente 9279285c3d79956cd922ae47cd23a48d compra 1,5d322f251f819899cfcc89e316e4f4d2
cliente 927f5d7e01917bb3b8aeb3260ca42663 compra 1,d14da316939ad2245cd4bb898bc45a62
cliente 92f39d90e5d38bfbdd8dd4f7bd3bf49b compra 1,3e9638823ecdbfaab776fd985c88ec3d
cliente 92fb5e50e19058aef8ee440eb63b108c compra 1,bed5dfd1b6d819c52dbcf83071564974
cliente 93073fef423711fb08efdb2d596d7404 compra 1,9c38f00a080665ace303d703e03718cb
cliente 93360190b9375a40b65720ee99387a4a compra 1,a4163ebff79ff34a631c57d5350215ae
cliente 93427465b223bc8292b51bb86077b695 compra 1,f3d2fb271269ba8f728d079575258095
cliente 935b9c5a3162185f88dac06d8d08d623 compra 1,6b998c66969da91aea4b8ce0173a5bdd
cliente 93e765999b1ac5d5498d5cbdd316c7ca compra 1,7491b6e69f50c3e941057224d0826186
cliente 9449a18f38a903c92c31b474162fdfd6 compra 1,fa086b521df2d133df67f2883eadad21
cliente 947e93a9bb28256adebe49f78cff07ad compra 1,897da32e9712dafcf2fb6615aeb3318c
cliente 94a19681bf6faa3c6ce3e2df1c2d97cb compra 1,1cb44c843df038496648b84a904aafa6
cliente 94bd5dee83e9590368179f4ab026b4f4 compra 1,591083bc42b589c7052118aa83118e76
cliente 9620623f9ea546719cb3cd99bbb879a9 compra 1,958c6a70e60365b576dd696ad29bbca2
cliente 9655822fce78843a1c9fa79e6180346c compra 1,ea9184ad433a404df1d72fa0a8764232
cliente 96701d73665eab8fc6fecb9863266efe compra 1,1e2086f9f7f6c651d94e82b37518bd11
cliente 9689908caf4de73724feed92175d867a compra 1,0359f367ef22ad541b0bdc484158be09
cliente 96ce642e637cf74a0d3023db31e59d16 compra 1,f75f6ef2200a609b9a11d7650ae623f2
cliente 970e5f645670f1ab33d6815e1debd3cc compra 1,67937bb4e0c9a4156fe47c89382d33e7
cliente 97bc08e526795b17e1d4f642f77ae304 compra 1,b8f8c719c986f46a4324ebb983d70e98
cliente 9832ae2f7d3e5fa4c7a1a06e9551bc61 compra 1,84f89b4f4b956843277c6b990bd06b2f
cliente 984503860d8d8dea530666eec07de95c compra 1,ea461a2421a4be04b0d69e11e12788ca
cliente 98883b9e1d9d9c46c298c69146db811a compra 1,f407f10544f08b5406732fd467aa4bac
cliente 98e3117841a2431959d17808f04bf23c compra 1,d7b464f6f1a31734fefea7eb6e9a9908
cliente 98ffcca151e2835076511fcfa46732e9 compra 1,1eed3691b23af50a487c4f8828287734
cliente 993d47c24f159f09b8904941581211b3 compra 1,42ccc07cc09ff8b0c392b43f125ae1d7
cliente 9947c0ed8bf41cd508a78da36abc1d41 compra 1,79e8e10e18151e5d8b8223a0ce9ee34f
cliente 994cd2f6a90026d5b74debc9fa41a5c6 compra 1,4f53648717b48854fb9db283e2cf5d27
cliente 99b8ee09d642ffedf091951a7235faa0 compra 1,a951e33707c482b3162485996e1d0393
cliente 99ecdb0f83b8ff0d128247f377170e57 compra 1,ee6e534a07e12c5f2bf72cc7fc6873df
cliente 99ece6acd6265aa21fee1ae7831e3e89 compra 1,99a3d4b1228bc02abf9eec5d9a7a742d
cliente 9a4ae531d8d3d971d4c18a599afe2ca6 compra 1,d192eacb35dd2f0aa30709fe7560ee4a
cliente 9a736b248f67d166d2fbb006bcb877c3 compra 1,895ab968e7bb0d5659d16cd74cd1650c
cliente 9aac2156deafaab1ac9f858c01a4ad76 compra 1,fc297415452e5dc0d06afcd16e864ca8
cliente 9aae8213ff9bc04cc3ce48b85f43a173 compra 1,1ac7f4db91b508245c27b68092a2d401
cliente 9b41288bd7f1e3071f533ebf39456066 compra 1,dade003a4690db317e2fc052f77e1595
cliente 9b8180cd4fe75a8acd576d0408ff8bf4 compra 1,d7b1b205f635a07e904e5c4069b6859d
cliente 9bb5ee90bbf9e5dec4a866a9d1117328 compra 1,9996aad294da648f199033d51534f004
cliente 9c08d6f85c7fcec4b08ead25590c0af7 compra 1,b2c82d183b4cba4fc52074fe9384150a
cliente 9c7570ecbe6c63f6f275bdd4a8a5563c compra 1,2577b7a27e96dbad77db32d34b57351d
cliente 9c9860dcd7fbdc3c3fc42984b70f647b compra 1,4b3b2a4d7cfb8d3ffdc5d92337550ae9
cliente 9cc5a07f169a1606fd347a56683e6ea6 compra 1,8623ddd82259f932337ad9f727cd25b5
cliente 9d31457a03125fc870787a251760315a compra 1,f8d5d7ba22e58d80d291b95ac9de9f8b
cliente 9d4c479654879655f1d99efa49d529b9 compra 1,89bba6017e2a96f939c1a9551b4ed4a4
cliente 9d70ea3ebe5c4a618a2cc65ea1336492 compra 1,62bb0ef3edb4e30a1481daa8f0e91f3f
cliente 9eaee1fe94e2155bde44087d299c0b9d compra 1,398f1723ca5725d585fbc000ec3edb05
cliente 9eb4d19845a85fac90e70e9e790d4f7a compra 1,5eb48a486860d85108f3e9b4276445b9
cliente 9f37b1215df84eae065524290b66cba6 compra 1,414643c3ed26cd6d93ac777a102a3ac0
cliente a029899dd8534557a81c369475ff80c8 compra 1,e127e496849462216ba78b6dfe0c48ed
cliente a05c5ffb03d915a811ca03d5a34ef9fd compra 1,69cd806f54b86ec97dfbc6e717691e86
cliente a080513ac50b20c8e5b1cc046afe5fea compra 1,88986b613097da641340bc366a2d91d4
cliente a09a996674994335d624b1857865c205 compra 1,7d8db373393c49a61b22e4688965988e
cliente a0abd26659c9914690cbd3320d39fd96 compra 1,61b99e917a3da2c77c1a3ef38cdf38de
cliente a10fe3c477989c968aa284bd448b1d5b compra 1,72b13b37a3e90ebef702948d847e881f
cliente a1501121525014a1ff9d8247bcdf1e7e compra 1,91d3db538cfff9a4f1cd5d5ad9481b05
cliente a17d31fc1cb76c6249430b960a117928 compra 1,2dc89150e25e0d36a6b80cea3c8a1290
cliente a1864cdd58debf5031958069ee937742 compra 1,dfaa4ce943a8dba10b754befb76fdb49
cliente a1874c5550d2f0bc14cc122164603713 compra 1,c76b75e541b06461ec9cf363fd962ee3
cliente a1bb96820529725c3c79a77c69e7e792 compra 1,bf593abe2928b23b60cee1ff3471a4dd
cliente a1c839a978e05fedd92fec96d4ea685d compra 1,7410535fe6a922518e4f862208c066bf
cliente a1cbaab4236d5ac6f71bcfc7fdc87d10 compra 1,9e3a542f51363bda001167b7f5bd8dbd
cliente a239b8e2fbce33780f1f1912e2ee5275 compra 1,87f41ac2bb62582fa23ddb02b79ef724
cliente a2cb67b24e7062f1163616db07c065fe compra 1,22fe0bf39d80f86f5f4a106875e9adf9
cliente a3021c629bd1d99347a8e75a9ab035d8 compra 1,d773f56956696c7d318daddf1df0f801
cliente a3531b78e25e6948ff198a441c30b8eb compra 1,fe678293ea3bb6607a15b2e320e91722
cliente a3631b903f909b6749a452358116cf86 compra 1,de06e436fbb3dd6e10bafb5f24ed5530
cliente a3714f108a1502cb543cb3ea3b9942a0 compra 1,f1cefe8e64d1771be13b8fd8360385e3
cliente a378caa847f8b44d00411d34449359d1 compra 1,1be51feefcd481bee3118900e6777057
cliente a3dc27d87234f862d7e61a0148c77fa9 compra 1,9a2b443dc8e6673e4fc330b3ea033569
cliente a3e9df44f0c518263a1513f7a03b2a0d compra 1,b552bf4c093b6c4804fa08eaee94a786
cliente a3f4ba0143a3650588df81509d44c7c9 compra 1,79b63d1f9cf0257b33b04fbfb0847cba
cliente a40096fc0a3862e9e12bc55b5f8e6ab2 compra 1,dbe73e59815a2106ffcba61fa14592e9
cliente a4d4a76b47ccec27db5ea63da11debf5 compra 1,24ceed9729a86f5e36fd61ae94183817
cliente a52327252e5d68739d85eadb7dd461e4 compra 1,4243bef9583d689a9c8fe6f055cef332
cliente a55e19719dab7efad8d5b7b0bedf5326 compra 1,d1d768d42cf0f3a2effce95ea71e111a
cliente a60b5e0f1a3c8ab2375a4df611f5e928 compra 1,3206db48a35131540e67f96b35a30ceb
cliente a66315c850c3712707754c1eca7a8069 compra 1,c3717b0f82c27845bd10cc82caf863f9
cliente a693349eb3b274c25abb9ac598eb03f0 compra 1,f7fad682a022f51cd2cd7355ae941ba4
cliente a72a2d4e19868dba726c0e6f49198c7e compra 1,5a3bccb60104b1251c6a39e051c428ba
cliente a73c5464692d3bc09d64e3edefae9015 compra 1,152f562c8516765cdd5f868c22f3c96a
cliente a74e3f2f887f14862e34c61ed0e4c5d0 compra 1,55b5a2fb966c36bed46f082ad6062914
cliente a758c349af1bae3fec50e5d0d7c536a3 compra 1,2882e815bbb59314e58194adf2fe61e3
cliente a7657330b1c135f3acd420326e335b2c compra 1,08906bb784f60b396fdf8fb1773c5e47
cliente a7ccc365cfd2ab4b8dfefd507b3e9efb compra 1,a65ee79ac9ef387d53a86a7195403fcd
cliente a7e81ef44420c32ed404201355a14e14 compra 1,405be8487a7fde1db0bc31ad6b08050a
cliente a8936ae98383967879ba16c1f896bcf7 compra 1,b30af538bad5d47134c88fefbad8e35b
cliente a8cb771f0d1d230407948d4ce2af5c3e compra 1,4b8e7be134dcdd11881a5e7de6c88627
cliente a900ff99a192cbaf6ae8e867a95117a3 compra 1,5a30bac46bd67c48565822b5789c0954
cliente a91cbcb567028e96bcbf44e6b24da535 compra 1,d054cc37dea401636693e25d78222470
cliente a96d7918dd2acf81b73291f82cfe31dd compra 1,f64b1037e9e9b824414ca423e452b1d0
cliente a971d4970461ba6d68a0400134c80bf2 compra 1,e405a05e7cb02776a17ecb51733fa00a
cliente a9e070f61d35aa13e420c8597b5ccb3d compra 1,8dd1e8dc5df5298f67ade481b8b652c8
cliente aa2b726bca9e7a8e29ab3311b71d075e compra 1,10016b700b98966403aafded9f2e168d
cliente aa89a987e1e092c318fbdc4b0e3dcc44 compra 1,7c7730a9be0a2cd5d43285e6e53476d8
cliente aaa83f8aab52f8a3050de7dc549f65b6 compra 1,e5af3df04e781dc26254b1bec2563848
cliente aad0fb3a1680f7a08d9b8de7da72e1cc compra 1,242bcea719638feb8c102d38e67a4977
cliente aad99270bc43606a7af9647b7a7de9e4 compra 1,5f8e8bff26bd07b73a3ecf086de33d4a
cliente aae867e923db95a5af878ffec19ebd8c compra 1,73df5d6adbeea12c8ae03df93f346e86
cliente aaf4524283dd8ca4c10416322ffcc499 compra 1,c5222412ad9d123721c453c7c21a6cfa
cliente ab0f956f72812ae4636be4e15b58031e compra 1,d899038e9957d3d2f73bf50547f78d04
cliente ab243cd9e788d689cc822380f59616e1 compra 1,fc3443668654977029c4cc2ead0cc0b9
cliente ab26754d1aaf8c2a5c807d3481894865 compra 1,1196240b71cd166c2b75a3a0c9ded394
cliente ab5dab8dbb42be51348423af4152c2d7 compra 1,e208a6bd0e030c2240ec286633bd9039
cliente ab719d1153364ba40df26f5e44c6192a compra 1,e6a66a8350bb88497954d37688ab123e
cliente ab72bb0f2a4d33072182f33077497024 compra 1,9deec776b35252a1660b2439abeb9e38
cliente ab744045d2445f5bae53b57a4b99bfbf compra 1,78b5b205705f30bb989c4a6c7f8822e4
cliente ac3a0453af13a228847a528c05071820 compra 1,7e232ee2936aa0eb7a2092603d163c03
cliente ac4d73e97aa6d67f64ef83e45f20f668 compra 1,e4cbb88fcf9a02837b22b1f6f812a9ed
cliente ac78e99ad54cdae633e5dd5d10eef34a compra 1,5f32fe4a0180fa919a3a01ec75e5ba12
cliente ac987d464574ee0f743f9b630f937a27 compra 1,9b09d38304dcaca0cd68c1e70247ca62
cliente acaf5177d6de60fda7ce77c48abb5230 compra 1,e3956b68479689ff22eaf1f931ddaa29
cliente acdd97a40f823d882b593db8649be17a compra 1,f4292190db56513f0a25ed9fa7fd2f10
cliente acea6bd29b8c1e3c6a8b266a8fb4475e compra 1,734241db1abdbddb6dbb6fcf6671ed08
cliente ae20947231d4d44dde1680a7ab14d90a compra 1,2f972348117659ed047953f60257c3cd
cliente ae74c314b9c383e5d7bcd99d54ffbc71 compra 1,97c111c4f22dfa1089a9c0b5338dcc79
cliente ae938306e6b64f97acc5aaad2692db75 compra 1,398abc38612b5d4dd9f77541c38d06ce
cliente ae977f6cf6981d883940f7e618620b3e compra 1,cf287f639abd10b1630574c4a065d4f1
cliente af41d14a0f72b9a90bcdab8522327370 compra 1,189b3afbf782ff8ab44477e006153155
cliente af51e8dd1c30737ba2dd0ece8cfa294d compra 1,b6b73b9c0cab8ac7a2b02a49623d4cfe
cliente af584e2a8da58a0640cf388e15cce832 compra 1,608570b95a49743971fb82089b960070
cliente af8937e6d92487a6c9393abcf5120e32 compra 1,42113ccffae542a6aee6b921c765d59e
cliente af9b68704fe49cb7b9b5687732ac8488 compra 1,c07db2ecf8530bd60659764d866467cf
cliente afc3f49cfd0567e08a8c452beb212c04 compra 1,ccc1762fa4bea334f80983e3f3a933b6
cliente b08fab27d47a1eb6deda07bfd965ad43 compra 1,bc7a8b1110cf6edfecfcb0a1484f36dd
cliente b0e0c6d79137b2840d5c896244cd2668 compra 1,1e90eae620cdf28010098a2159d56ebf
cliente b0f3a98136fb0e22d808f855bd430970 compra 1,4069c489933782af79afcd3a0e4d693c
cliente b14edf7220c5c77f27f11567178c24fb compra 1,06875ab72c5b9bb2eb303a70031bfeb0
cliente b21d84ee87738ace4ef76cfbb14135ad compra 1,11483c6a164cf839a3b0c945acc5935e
cliente b2565548c75253c3b928dd94fe5baf03 compra 1,7fee8248879e6c2eb655918584bb3ba2
cliente b25a21b56a2d74da49e04cadbc9e0dd8 compra 1,cf290442e580bf03533aabf4c492b6b5
cliente b2a8277624dd3a5048145024016f980f compra 1,678563117c6bcedcb0f9d98e8f3faf23
cliente b2bd387fdc3cf05931f0f897d607dc88 compra 1,96cc19379b58b51d6cae968d286bba81
cliente b2e9a05d23ea17713b5d7799f2004f8e compra 1,216b8ce59251043404cc3b15cff651fc
cliente b3548d0cec408ae13d143bb4eeebaa6c compra 1,db97652cf517d2cd03db63dec489ca62
cliente b385b62519a0bca70eb07f4bd41fdefd compra 1,9327c73b786466a6815c3d5a7785bbe0
cliente b392ff4d509a87ad6b53535bccb8ad04 compra 1,910b6236c4771f905eeb252718b05b6e
cliente b39dde6dd619943190a8cc9aa6db38a4 compra 1,42c85bf5583375774d0e2a73b4ba4d7e
cliente b3a6549b3cd47a7117094faafce8b10d compra 1,62c0a0e72baba526d6f9c2855f8b6b97
cliente b495d807ccbd38ea1be486a826c88008 compra 1,a2e3d71162779bb939a9e0a461226e64
cliente b4e4f24de1e8725b74e4a1f4975116ed compra 1,6172acc45ea968ebfc452a0644b1d6e1
cliente b51d73d8179d999b81550d846940a720 compra 1,00c95282163553a982f38481f9488481
cliente b59e4bb4efe81ba0f7d30cff6734f9a2 compra 1,54e9fc9a26833002ae6521780af9dcc6
cliente b5c4a9be51f8c894107ad132e7fb8ae3 compra 1,55b6cfcdaae4a8dc9629850dc635995d
cliente b64ebaf3d11b7209fe566364cc359a51 compra 1,c44883fc2529b4aa03ca90e7e09d95b6
cliente b67c39b6d9b247db540c6ccf6c3cf72d compra 1,38bf87ca0f718d17d331fe70eb7431aa
cliente b7202a7f3f527ef443da3b3b28d0c306 compra 1,16651b7711b8c360e79e0ac07fc8a1a9
cliente b7b162291adff744d6f3c6450557ffee compra 1,4718e26e21843ffdf11aec010a344436
cliente b7e2b4e7e5bbfc11eb1b22e6d822926b compra 1,8d6eaa2fc5ee20e42dffdaf355b260df
cliente b7e8af53ea725e96e5773eb529675c4b compra 1,19ee088b8cb4afa401a748f8437135d1
cliente b854c56e1163bced9c3ebf1e4a6576f3 compra 1,257006b4652ed6214a889913fec6a5ca
cliente b896655e2083a1d76b7b85df8fc86e40 compra 1,af7f16b96e01b9947638321949f672d5
cliente b8b3c435a58aebd788a477bed8342910 compra 1,70b742795bc441e94a44a084b6d9ce7a
cliente ba77e9b6506636dcbd03e463d4786f24 compra 1,7e3e92dc3eaf5389f32da97228f7dd0e
cliente ba87a137c5191264841e0be40e53f4ed compra 1,3d237fd98f6bc4d3fd3a0eadda50b2a6
cliente baffecbd1fcc31f8a415cef1cd8cf772 compra 1,e733891de1c5b78d0d7f77863402659b
cliente bb58670190dba4e9b320f84cb98317a3 compra 1,b7fe42fc0d57642abd6b868ce754865c
cliente bb5d40ed8c3448238563262b4700bae5 compra 1,2c1f8fd9aa5f50ec17f4c95e52223a3a
cliente bb6105097906df5a10d614716eede6d4 compra 1,1f66126a353c1308d1396bec7cf67f37
cliente bb8486cad0e431659227f6fb18fc6a72 compra 1,7488261a98cd6d7cf4407a8d6ed81095
cliente bc3a1632864ef4e9a2b23ee33eceaf87 compra 1,8f4af5bc8345e13d9b92eb4d75aec7d1
cliente bc3e7032668d3f411c227eec09221362 compra 1,1c6ba4e1c9d47c2594130a03f164287c
cliente bc6fcf73e35d6d0e147d7f2f72d9a89b compra 1,6d47bd16bfe3f754b853be0ba635ed7d
cliente bd86b1862fe796149a4d2af57bd85451 compra 1,c0d9f365ee87e29a7b16a2c55e1a6d5b
cliente bd8e0f3ea9fb694fc53c7a358643fc06 compra 1,c0bc6e5c9ad833c1a7a566871b33c938
cliente bddc05c034061c84f92fe1710bfa5fe4 compra 1,0b47f5e9432bd433f8c5cf64e60e6e5f
cliente be74c431147c32ab2d7c7cef5e4a995f compra 1,f489949dbe23cf9313deb342913ece0c
cliente beceaa52fb2f761e647222b3cf7ce0b2 compra 1,0b50495c5cfeda8c9d7abfe80aea74e4
cliente bf1bc30130d30c64e949ca5c5acdfe43 compra 1,499689fc885e9c2bb31f4a13fc67f499
cliente bf6656ef50e6fd00e7517b01d615b4f3 compra 1,8ee4362f8dfc794ac7cb9b309b4a87b3
cliente bf921bf52339e81439c09e6fc32b35e7 compra 1,1d5a37ac3dadde6a732db74ecb91e107
cliente c0118e2c0a037c31aeca71d0b81f66a1 compra 1,4912377c02eb84d181d53e98e010124e
cliente c091cd3b0b359525897e374dd8ea91c4 compra 1,ed3d229ff5daade6f2f99efc36a7fd05
cliente c09b86243811785f524f5b2d711f61bb compra 1,233868ed9e2f9399d292289f27bc2993
cliente c104175520fd4f6a24b276bfce7f0f55 compra 1,cf014dc8804713618176fc95af41b221
cliente c128b6efbb4f0a07096fefc04cb52a9c compra 1,6a20f514a1f78b69741f2bddaf832c75
cliente c14352ede8e9591c01fe88d6f4d6275d compra 1,23858bdc4cab9cf5b5de163b1f12ea71
cliente c25d2fb6d22e04ce43c3652e3cacadad compra 1,ee8f5d7599c575d8f8eb1a2ea7d66686
cliente c27a30338b5d9d59399825f77e7dcc61 compra 1,b316b0217d77b6d04da5a3517a62461d
cliente c2919fbdb45366551c1e80d5cb35cd3f compra 1,f726cbd717234168cc573e1addd506af
cliente c29bc878f4400d62f9d33ddd8d13236b compra 1,9ce40c402845819d3d1c88eb10a41e4a
cliente c35ffdd9679e194c3673533720b5e00c compra 1,9e7b9ace0373fca44197f8f406bb0169
cliente c375736396906dff8414217e02c45661 compra 1,92a9ef7f0a0d392c9ad0d5f44e86b4ba
cliente c37cc6c1a59d81460a3059744f7ada1c compra 1,fa4dc5d499f35cf8ea22c543c6a36c10
cliente c3c609c977c96c78121d5421ca12591a compra 1,5a909d6376edac123359549cd82341df
cliente c411c8b6dbaffd467263f87a23f2cf52 compra 1,307ddda45d830e2a08ee3892edec5d2a
cliente c4b224d2c784bae11ae98b6ae9f2454c compra 1,4bfcba9e084f46c8e3cb49b0fa6e6159
cliente c4d9917748b1c4bc1abe17ae95c7c7a9 compra 1,9cd69a292cbec7756bbef4d854c773ca
cliente c4fe9fc8b5e1b4f9992db983d0429854 compra 1,6bc8d0921edbcb67c01832572c2ca25d
cliente c5610cd24fef40cd91dbc4f45183eef0 compra 1,702c1e398b49275935f9d3a6e344083d
cliente c5b175cd6fc8392e789c8f0410519617 compra 1,d8ab6e868995a618b7abea3119b56789
cliente c5cc0bee4b73138ed973a1720df085aa compra 1,cf0fcb02e2f9b6dcfd6aac8d664b663a
cliente c626f14a28a53ddbf8f9dab20c4fbb63 compra 1,c27a26005da9b758c804674cc9aa2da1
cliente c63a8c4fb13043a3fbe33bd17c69d17d compra 1,e47ac2609ce0ccd8dab33391118792fb
cliente c63be5026fe913c4ab8f75cb3ba887ed compra 1,38c61d1bbf5143a8c347ebaa490e234b
cliente c6df3869c263531ebd51f0454a353605 compra 1,5f41eeeb79cbf03f89da17dd1bedccdc
cliente c71df15d86ebd94212e0eea44f131095 compra 1,a111e0cee7dde2bb68cfb7cd18a8a914
cliente c735648190da683d5fa4b8dcb3e86e2d compra 1,c55e1514675dc10976509a057394e27f
cliente c76762dfb642ac154475239639f7f8f4 compra 1,b3e176098b9f9f6122d37fa3cb06279b
cliente c76f390a72ba18ccac9e4ae30a25b188 compra 1,3fd2bc52f78d2ba4e12276c4ad7578b9
cliente c7c19110042036e6266adc998cbf1289 compra 1,6dc8b8f970d5256ebe88e075c1428321
cliente c7e752293cad3fb436b2263636640014 compra 1,51efa345a1180ca3879442a31b0a265a
cliente c82a940bf171daec9b52b594db8d9a62 compra 1,fb4de3600d359f84927517e78ff9ba54
cliente c83ddb83d6c50b01317968990a168ce2 compra 1,b0087bdf94b7aaab2e0fb914d1d99d9d
cliente c8460e4251689ba205045f3ea17884a1 compra 1,03aba68b07658f28f29612641f08d4ba
cliente c9600276c55089ccd37cb1a360609101 compra 1,f237e8ddc05a21386ec9441d40f8e09e
cliente c9615928c74f3a72e222a6d5b0a18d7f compra 1,2ac14ce16b95643b222e92188b0ddec5
cliente c96dac240f97b3f694b804e6406af73d compra 1,27a940efdd448db29463b53ea0cfa2f4
cliente c9b3b24308b1a4587ffa3e60fafc2b1f compra 1,f6f1f2a565bc0c1d761799e42d923401
cliente ca269aba276ba2de29be441171c40097 compra 1,709b96657091eec897b90173afb0b84d
cliente ca43ef609aebce70fe17decc03912c71 compra 1,4ff1875e3f8c120cfe6cef2ec1aca104
cliente ca77025e7201e3b30c44b472ff346268 compra 1,8dacd1da7c4dc40d5c59e7ddd93b3ac8
cliente ca994abc57b0bd7981d91d0061b3d8d6 compra 1,4ff976f3269ceebad2dcd032489c9ec9
cliente caa8b91f5582eca3d032203ad5a11c32 compra 1,5b03dc75d71e4a3940c88c4c9cdf6c2c
cliente cb9b7a02c19d2212b2ced9131eb97bd1 compra 1,e9d424615d8805614e254bf5c170bef8
cliente cbc1758cf3d80ee00814749bdb650bd3 compra 1,1d251ab94983c4adb11e4b168abb1439
cliente cbc71e02efb1d43b84f80b2a64d6013c compra 1,94578264250da91b85c8e37ad48468b8
cliente cbd08b04b3f301152b7570da5e9c8cc4 compra 1,a4ca973673139ab4959c3af923191c91
cliente cc2bef54fa72102dca9777ff483f75a5 compra 1,707c884622a611c1c2c7b247c01f0121
cliente cc5aa1b8337e394da54980226bb0f6d4 compra 1,8bcbe01d44d147f901cd3192671144db
cliente cc81b5498c0ab062c6a4d8464eb6e645 compra 1,c91ab67852b71357615925883e88cb8f
cliente ccd78f91a99ea36a352433913577d3ad compra 1,5a65cedc025f607cbdb4c5219f648ae3
cliente cd11a0920c498edb1da9ecd2d31aa599 compra 1,511665064721c1e68628a71b176c81f9
cliente cdc8b0d152b868db7e28de59f642c94a compra 1,c5bb91ea2129a21a4f424d356a4d28fa
cliente cea1537ac1a5e083b8626a93f85475cc compra 1,bd59d6b6646e18c7a1a97a639ff49e0f
cliente cead70544c4657faaf2aae3b32c8c667 compra 1,99eae747b45fb42516e46311533b3064
cliente cecc19ff12c206e6368dd1e9c22a848d compra 1,1dbed8d8827e4f91dfbb03ce97b38109
cliente cef29e793e232d30250331804cdb7000 compra 1,3755e498bba48053cdac758b05dfef7c
cliente cf3c7aa47c65edfe418cc5371049a610 compra 1,6c578cefe8f43f6e1394ded9f6f537c5
cliente cf7fc0d217ee5b7273e604a6c34fe163 compra 1,c24e1ca06df82199a5041274b7c33643
cliente cfa69922f9968e0e6271647abda09b09 compra 1,91d95fd4dd24e83041031228370438b9
cliente cfaec087ed620ecebc6e6f82fe276fe2 compra 1,5f4de9e1f0e55dc0fd443e5f4b2b362a
cliente d02cbb85434c84acabb8e81bbf064d3e compra 1,d3e4a1e18bc6278ceaec89c39a69083b
cliente d0b2f9c9f13d9048969517d02237b432 compra 1,4212c4acae39b267aabc4696d873cbcf
cliente d10f23d669c51e0d983ba80de4d327e8 compra 1,3418c754c6d0c412d57cca00b6ccfbe2
cliente d132b863416f85f2abb1a988ca05dd12 compra 1,2296fa4ebace1edacb9f91509766eb18
cliente d1b04257223859708d9b6060401afbb8 compra 1,077d6b93c4e88d06b124cf24fb67a28e
cliente d21a5e86eb6ff84f226ee572687e25b3 compra 1,3343cf23583ffaea36e75f03d0893bde
cliente d26c616e241736e0c1c1ab14150239e7 compra 1,271f637085c45e7e58268625604724a9
cliente d315173c9b21c1dd742e78e0ff472fb3 compra 1,157676ef5dfcf1a927e0b60948918946
cliente d3359a56d96666ac0c21bb01e7a61c95 compra 1,3d6002f122e72a5d6e07d4c54e79e3a4
cliente d3857f98166ef23ca95d44cbe9b1828c compra 1,da7b74f9f21e34cc002c5910de20ef9e
cliente d387ea85dc301a91740e31360d355686 compra 1,d905ef2a3ee51aff370cf4ca43eb5e8d
cliente d3882d7abd0c66064d740d7ed04dd1ef compra 1,3c557fef5b5d9315a99f7442ef013a8e
cliente d425130be1b15a4580645e4a3c9b4768 compra 1,83c7e450050581ef4de4b03199ccc1f1
cliente d44808933847889cc2267526e680bae6 compra 1,ad56333a7f58e14fd80c621db8f6e89a
cliente d44ccec15f5f86d14d6a2cfa67da1975 compra 1,4315647970ca486a6dff72dcb2c97e15
cliente d4a5e9f19897de65433c9d97bf4b9f8e compra 1,ee55499a08fd5913d6231b4702964354
cliente d4e1025ab443665f0aed4e25f5464ba8 compra 1,9bd2751f058566408b3584868d9e0c2d
cliente d4fda150c67fa99a9927ca5fe66dc310 compra 1,6d34c087b843ae0fdb296f15d948e45f
cliente d51c96d2f1d710b94744d6f7b88387d7 compra 1,3d7d60b10ba4b43cf6f6d5df2e933f67
cliente d5419994a02a55d4b7cd00e77fabdbae compra 1,4baefe0b13c215e6417751ad5121469d
cliente d6053d8ba181f35cbb7005ba5bcfe005 compra 1,466956eafdf33e09b80a44e188ceb5b9
cliente d64023c35e5c1452ce568e993ac12c86 compra 1,81254dd1f66cb71378737f0036be0bc2
cliente d6521c1b9ecb22aa021e3b44b8a4483c compra 1,14a031b045ef8ce4a2b6e08d1fc5623b
cliente d6daa8df6192fb031e54d36f3a7d246a compra 1,0a0185b8b72cbf2290c3e4218300a61c
cliente d6db3091e8c13023bf1e6d367b8c0847 compra 1,7b9bc6b76ad9656ca99e8e1f2a6d249b
cliente d6df1c8cb71c59d9b52d828dc6d0f5b3 compra 1,cf954e7391c1981cc9090267aec67ee9
cliente d6f96ef38ffd998162a757573e9182cb compra 1,6686e93efe206ed03777981a67e8c1db
cliente d73c3cf4a0922ece1176bd40eb76ac50 compra 1,cfde948cbe426f37ac61e0f04215a5f3
cliente d75acd4c5b7b4dfd32b9d9172b195419 compra 1,95123e166ec553efe0364686f36d5ac4
cliente d7624d219b6ffad980e91412174db310 compra 1,071ff3583bbaab9f38f020af7006a3d4
cliente d7a40891d7c8cab018533d6a09ecedf9 compra 1,35bfea17ea4bd00955284e537d942995
cliente d7e0432688bbd72d3567568903f6117c compra 1,d4d8638eaddca23adbfdd1b383a5f15b
cliente d875fb3b981d8a9b2503ca7985fc381d compra 1,ed130f481df6a3d6729bee8371261e93
cliente d91ddce4cf48379d62b74ff3c55f361d compra 1,4527fe780d1facd3191d875fd794b233
cliente d98f42f66166ac939d5523b52cb53841 compra 1,2b101e802b6712f2fc129966a2c518fd
cliente da2b78576894a7f95d45bfd20250cc54 compra 1,1b6c00256bc49004b1d059039306c08e
cliente da8f764b90a3b800f31d093c22cd3074 compra 1,39fe0f3cac902673a46b974f5d4a8528
cliente db03954a9a1cc5e71f6e0f73e81a628c compra 1,3c81b1eb31a46822410a4fb9b43f0678
cliente db07fd2ad9869f8356b1fbeefdac31e8 compra 1,769d812b1dd036eb0a69578537ff5320
cliente db1af3fd6b23ac3873ef02619d548f9c compra 1,68986e4324f6a21481df4e6e89abcf01
cliente dbb8985cba830b580df7d14ef6a5d548 compra 1,6b4691b98b476dcd37e1dbade28ab62c
cliente dbe76becf1535ad95021575aa01b77b5 compra 1,e0bd62e007e5e88656338ab10a5c0f42
cliente dc2a7310affa23d52c045d14007f908a compra 1,9519371e37eebc065ffca4a20134aed7
cliente dc48b0a1b0e6abb6586f322c189f6b93 compra 1,6e10384d6572f58ba12c848b91299f39
cliente dc813062e0fc23409cd255f7f53c7074 compra 1,f0031384d36ff045ee1e866942d0fa7a
cliente dcee1e44ded6f1bfc5b4988d771243da compra 1,4faae91a65b5f993113cb0c78ca14a61
cliente dcf8ab9bc34d2f516f07ed071efdbe99 compra 1,242efbf997dcc144609030002b91446e
cliente dd162f2be22e534992b3f874cc57eda0 compra 1,499798fd04e5748ac54b4456d1b7995c
cliente dd3b43978ac68412d41f09c8354bdf7c compra 1,e47a63ad65b54953702eae37cb14632b
cliente dd7b0e9b51e5377bd9c1fd3e286c7b9d compra 1,93be3c680089cedbd7306a23dba47168
cliente de34b16117594161a6a89c50b289d35a compra 1,d29eca3633b0b60adf268cae9133cd93
cliente def563a5ca1027fc17b6c86a6162fb96 compra 1,87fcaa805e96b64e38168bbb1852225b
cliente df040b01a02286856b4bb1033a251ec3 compra 1,0c4a286213e6b3657aa94773d386a229
cliente df2988ba3ed226b10521a0e4da849b61 compra 1,63638a6806d67773f3adba8534553fff
cliente df8f9ee9252077c6c592dfaf51560179 compra 1,9c14756d0113f66be55ca07456df3393
cliente df946ef265626b1e0a425292815ddead compra 1,806c224e302c85404164d60601ee3c10
cliente dfce1af80d52bc2bf1e640753b01afaa compra 1,1aae876e8a8dcd3f41f6ec9aae3de9e3
cliente dff5ff8f411dd1d77875f7e17a3eb512 compra 1,2dd08b72f1dfc49c74883302437e6f6d
cliente e00e8d6baa14e557360a8680eace8b45 compra 1,6e116aaaf479cdcaa8a1262489a07086
cliente e016365b624d1755f3e2d0e8f1631ebb compra 1,a17af8e6044c5ccaa87b1d97559dc554
cliente e0836a97eaae86ac4adc26fbb334a527 compra 1,c7756342d355d13eea40a754b6602da6
cliente e0c99ffdcd8891130985ac90cd2d8eec compra 1,f399b1b1cbfba9dbe26183ac60e6eae8
cliente e0ff4805ba6693550d1db7d374c477c9 compra 1,54220fcc516cabe9ec84b210c0765ef2
cliente e1224167b1a3f92781c2ff55b0b794be compra 1,02c8875e5351540e76019fb7429e163f
cliente e12f7f1e96f1f9f6361572028a1fad5a compra 1,204b7236f949dcd799519c1e74136821
cliente e13e8b789e5a8e6fe1445f924a4ed4f6 compra 1,97f95535ada31d6fa853230e815ee4e3
cliente e1b5f838a5d538b1fbe3bddcf47d30bd compra 1,6cadbcdea4da5368c7a801ce027f23f1
cliente e1cb618b74d0ca68e0c206f386ad15ee compra 1,c867dd64bd728f7a87d1c868c7c2c33f
cliente e226254ce0c6d5b7a7ef7218c9b5b518 compra 1,06351d6c05e58972856f24bc50d69b23
cliente e2308203e48b22740287786fd75a8b11 compra 1,ed0094f95927e35ebb97a275ed02d046
cliente e23daf58ce481f3d38066e654ef610cb compra 1,450c49623c365a4edcf0c5a2c93aa7c9
cliente e2492e4188991b6276a4a62a287a5451 compra 1,d43547ebdfd7f5f70df830db89710200
cliente e2c8637256677ff5968ce784199f26b3 compra 1,77c885e668bc660993cbf7789930675a
cliente e30b83af13d6ff0b0f427b2a67c43b39 compra 1,9cc8a145d8be894ab07cdbd8503c4887
cliente e30e0e57e66477dad963535b38974023 compra 1,f7c82561ae5213f3564251a07c475d1e
cliente e325e139452a1ca05f5a33acedd7d94f compra 1,55898410e4c5e6aff68607cf55c05847
cliente e3301490c373db9263c15a73172d0c6f compra 1,c7c28a159a907d1d0ff580856daffa72
cliente e4000306cf2f63714e6bb70dd20a6592 compra 1,45ed6e85398a87c253db47c2d9f48216
cliente e428b46d4645f1d7db520d95b2e446ee compra 1,38d4786d1c7b6dae14470fdfb8616bb0
cliente e4b98eebb8983cade8610c0def59f705 compra 1,89564bd6a7ea1056554275f223301d84
cliente e4d856cc47f9902fe78a7dda0e293c59 compra 1,65d304f392228e0b497f19d67ac76d90
cliente e53fd5575f1418397aae732c5755b6fc compra 1,8bfcb216f3d8db5340f681b06b710f37
cliente e5794df8573fa179a90a7b797fc4b71f compra 1,814d6a3a7c0b32b2ad929ac6328124e9
cliente e66c03faee607e9eb86380d0a86a327d compra 1,86f353da4086de44a6acd7faf109e47d
cliente e68e1b61896163cdd7f8e07b2ae814c9 compra 1,5f1b8bb7f55f4d47d219bdb855d5a142
cliente e7251a1cbeb7ba8093c9b1593005ca90 compra 1,31bc09fdbd701a7a4f9b55b5955b8687
cliente e75b9df782b21f27d61449864774108b compra 1,b2f92b2f7047cd8b35580d629d7b3bfb
cliente e78838df9c44e102b6ac84cc5eea7d5c compra 1,f3028a8f41ea1ee2b461420913663f97
cliente e7aa3fbe88423a0132e45578023bac50 compra 1,655352dd31829855980e8ba883725b47
cliente e7e84072c5730f21d38aea4e37d531f0 compra 1,5ddb1f7921a2218a2f21cf9ed9995a5e
cliente e8e76b99c4deb6dd66ace26de01e426b compra 1,59798edc300f7563a9bdf18b2740def9
cliente e94f89d82f4a9a72453b98299a26cddd compra 1,070d6fe21e7d454b11f1cb27ca2c15c0
cliente e950ca588d23086360f34f4326e3e3c4 compra 1,2fac55edfd9754d1a0e7ecc67d48d08d
cliente e9b87dccd9c326a3325385087eb0150c compra 1,ed6caf9b63bf2103757e2d3bcacc7fc8
cliente e9d6ce102dcb8ab8a3387021b5040f70 compra 1,85a22eb264ad44ff56c4955a66876fed
cliente e9dd11928dbd59b8b4124e4bf1bb65d7 compra 1,558664b1fbd872709e44602c70ff9256
cliente ea2b26bf8738e87234007aeb61ffaf8d compra 1,f1d6313ed30c82ba1523aad41c60685e
cliente ea4b2ac33ef4e6bddd270f982ce5dc7f compra 1,d2dcde253b72954806e86ee9f7995770
cliente ea86add4caaaf87ef892d12ca1033012 compra 1,8ba3f3a9292fbc22a8b7dff752bbcd37
cliente ea9f260c1c0c7e928d9fd48bf28bf9a3 compra 1,458ce9ed0016410eb81b196544fd987f
cliente eaa604ab9f816252edb7a8d297f932e5 compra 1,b0226a31a2297b13e23df75400c28d81
cliente eb9ea517dad69e487c581e30712034b7 compra 1,be3c8bb29cd71c677715c8c0a8cf44bf
cliente ec59dafb5820ce13fcc2fd6402be9b54 compra 1,178358411049ad27f877b8964564528a
cliente ec7f1811826ab04a27a92197bc40c888 compra 1,ce9a38787c8e09ef2239972b3149278c
cliente ed917c786a8a3e411eae87aeca27cb27 compra 1,4c08f008753759d67d8ef45942f1a891
cliente ee4a5dab94b427525ea24bc30d4442fb compra 1,e7bce5a1c5efd269eabdafea3013839b
cliente eeae1c6f0813ad6f82afa34bd0064032 compra 1,3022bc9eee8087dad85d0832b67b37b9
cliente ef3b6ab8a1704ead096adbcdee78284b compra 1,eb09635680fadffb33358e40b05c9029
cliente ef4d5caef06758ca4a71c8460426347a compra 1,69f54f52631eb8ea8bec66cb902cf54e
cliente f0269964dfc708e40a1d948fb69e5c0a compra 1,d76ae02361b19ee1c7a277bf4740a64f
cliente f043529722a354cd3f185270e0c6aa15 compra 1,94111a59e0311e2720ce96b0b8327eee
cliente f077f1785fb4a5beb0425b5e90f233d5 compra 1,a150844c1dfa605f925885746f98fe55
cliente f0b78d889ed8f051ab7f1006d9d4ab67 compra 1,a38dda1569202dafdff4060bf32c811e
cliente f0e310a6839dce9de1638e0fe5ab282a compra 1,f2270ae03c6578b9cb6e4bba286bc962
cliente f0fd988c7c2a4cba167138a8adada6ca compra 1,1b68a09aef174135ac2b4a138c3a1eda
cliente f11821d908830e74ad782532ebed897a compra 1,d4bc55bf7aa33f5d5d8b6b53d1e2eb8f
cliente f1435f31734a913c329b28ef2d95331f compra 1,9f372562f0d05458a142227656ddfc85
cliente f145d50379275ab9931636f83b0102eb compra 1,66d560d1c77317086f3332a6715ac1c1
cliente f15ff1962960f100d18e9ff816c9be88 compra 1,d326e75b3255dce0b8d809c02280d012
cliente f1e0cfbcfd9aebd6d003f6667551a9ae compra 1,b2bd1f09c1b8a4a36940f6f6e49d5dec
cliente f219d6b118f325a71eaa7053fdbc4de7 compra 1,f8a8d05d951ce7e359dfd0c67f1de017
cliente f257deaa49d5e0a8c5fde46dfc350e52 compra 1,28bfa0968ea8dceb17513700ddfc0745
cliente f2ae19a9a217f8712d77f9c7e9b03c9c compra 1,c1deab56eafcb4bec7703bbe7bd25137
cliente f33b0a87c25c58d1b8ad7f30eb0645ae compra 1,5778366745f5c8c33f8c7f0432373788
cliente f34cd7fd85a1f8baff886edf09567be3 compra 1,18fa229a827c89986c8387c049dcc572
cliente f35ded9465fa60296b1cdc9559fe2870 compra 1,91744dee3192bc28caf20eaa3c2251ef
cliente f3db5609a22674ff75cae17015571527 compra 1,b37ae92c72d3335c241ea5be05dbc077
cliente f4d1502ace38b0df6f052a5544add9f4 compra 1,131b770dae46d4fbf6e9a62a1b177ed1
cliente f5008838e120006dfda56fb66aef772f compra 1,a49146f414b54879adb68c422428a68e
cliente f50ca6544a0ed8a52cc964e15cbe9cf9 compra 1,57cc72d3e635bf57199d76328279b875
cliente f531a178fc2fee2d921943c711b3165b compra 1,5352e5739f5e5d0fb4d12c4fd4ca8bf5
cliente f565c1cbc438d2561d40d780f1da28c5 compra 1,e37ef4ac61b5803ac29b4056c8495108
cliente f5cd93ed06699e5131befef195873d1a compra 1,94aa11237bc16075072bb3569a0bf5c5
cliente f64ec6d8dd29940264cd0bbb5ecade8a compra 1,93dfb14657b871cc1708647ef95f40f9
cliente f69dd277696f9a8fbe3745934891c18a compra 1,b0f445cca9b6a54ff47e8834c16ba6c1
cliente f6e1a12a24f9a799e56458023370f25c compra 1,71425ecd58b4f20236e557902a9743f7
cliente f71d1ce0ca77b13eb4a0909685c1a288 compra 1,701ddcb0eab1d32958b3638a5e8c4e97
cliente f722ff3c670cc731721553596b8de3a8 compra 1,b1a7bd6a9d10076c91e88bc510406b46
cliente f82cb85be599c614a9665bb050d03dbb compra 1,53be71ad136b4e964acc33d8902666cc
cliente f8bc1d81f395f6239a2a5ab1b9edf1ab compra 1,354170da2755821e9c7cdccbe277b0b2
cliente f96655dae967c50d55ff1fbfb60adeed compra 1,cac1850fae99ea24a8186fad4db365bb
cliente f9ae226291893fda10af7965268fb7f6 compra 1,370e2e6c1a9fd451eb7f0852daa3b006
cliente fa897856f19a95faf61b1fe22bfd0ace compra 1,53f5a7f622d498ff3eeb334b8efa7ae7
cliente faab96fcbb1e27ca16d2ea3f2bb7fd17 compra 1,b3a5258257c3654b78826a31b7bef55f
cliente fb920961e4d8e55fd9c357976a611765 compra 1,adc2f0c9fd838d820339f8220c1adf08
cliente fc19fe9ac733e36ff8227c29435c2030 compra 1,b69a71531e8579d2989792e5fcff085f
cliente fc719c11b4dce594f47e1f9aa739a3a2 compra 1,344d7792475d51c5c3b9d41758ef8f44
cliente fcf04566d639b9ac685cce68abbfcc60 compra 1,dd861b5afa4b5008162b6591bbc43422
cliente fd10699d401214f37b77ae360f337e27 compra 1,b3656ff96573b07910d0f54a4505454b
cliente fd5a35e4c44d8ea5646ada47ab50a2d1 compra 1,15226cfb3e9f4ad163d09f493688204b
cliente fd7069cf6891edbf32ba84c9c3f083d4 compra 1,b66836a7408ecc382cdd4be702060220
cliente fd8ccc89be43894d2553494c71a61fd8 compra 1,bad9804e1f16ed9115e1373a6d5fb3fd
cliente fddc49f3423572486edbc2450ac320ad compra 1,6963678ab394ef16d2dbed6ee6d07c44
cliente fe2a29c7a507b4c2606b459932f4e1e3 compra 1,1d3b8d78074e0b50f10346941e67e9de
cliente fe3e52de024b82706717c38c8e183084 compra 1,54ba74414bed49a8b13864b3e8666f57
cliente fe59d5878cd80080edbd29b5a0a4e1cf compra 1,82c5cafaa9a07e68a28009b6cd031be7
cliente fe81bb32c243a86b2f86fbf053fe6140 compra 1,6baca7e224a54a0323eb003e011c9b8a
cliente ff44401d0d8f5b9c54a47374eb48c1b8 compra 1,e28a4c66f1484567d1e42b3fab64d923
cliente ff4bb0e2cade5df30146a1d570ae777d compra 1,654da57158d96035814657b5143bb11b
cliente ff70aa1b53f643263ead50eed3166164 compra 1,106f6c512adbf8efc43791f75692d25c
cliente ff922bdd6bafcdf99cb90d7f39cea5b3 compra 1,6be1646fccbb69d34b22da3b1807d51d
